episode,reward,policy_loss,value_loss
1,27.0,222.4904022216797,205.85394287109375
2,31.0,290.3629455566406,262.44158935546875
3,16.0,80.31291961669922,78.6053695678711
4,84.0,1813.8509521484375,1324.805908203125
5,25.0,191.7734375,178.3966827392578
6,55.0,840.1742553710938,691.4246215820312
7,14.0,62.62858581542969,59.439361572265625
8,60.0,1006.703369140625,793.2994384765625
9,51.0,737.9465942382812,607.7655639648438
10,21.0,149.90171813964844,131.52516174316406
11,17.0,106.24105834960938,89.42848205566406
12,27.0,217.58938598632812,202.26803588867188
13,27.0,226.80624389648438,202.71453857421875
14,27.0,215.7857666015625,202.09246826171875
15,16.0,82.60623168945312,75.4732437133789
16,15.0,72.19815063476562,67.42581176757812
17,34.0,335.6900939941406,303.4823303222656
18,18.0,103.39370727539062,93.55116271972656
19,14.0,60.223873138427734,57.751068115234375
20,25.0,188.21749877929688,174.04913330078125
21,22.0,162.99154663085938,140.8892364501953
22,26.0,199.48483276367188,185.15509033203125
23,14.0,59.87749481201172,57.011592864990234
24,26.0,201.8056182861328,185.62815856933594
25,15.0,71.25578308105469,64.73358154296875
26,27.0,221.4044952392578,199.71058654785156
27,18.0,101.05281829833984,94.15947723388672
28,53.0,781.4517822265625,643.4074096679688
29,23.0,159.37864685058594,148.20932006835938
30,21.0,131.2657470703125,121.64498138427734
31,15.0,70.16749572753906,64.34296417236328
32,12.0,44.818443298339844,40.9894905090332
33,27.0,214.99533081054688,194.90150451660156
34,21.0,140.79052734375,124.1521224975586
35,24.0,168.25254821777344,158.8447265625
36,21.0,127.9227523803711,122.88658142089844
37,40.0,457.74822998046875,392.97412109375
38,11.0,37.08152389526367,33.529335021972656
39,12.0,44.393131256103516,40.5114860534668
40,42.0,518.6094360351562,432.77789306640625
41,22.0,140.304443359375,133.5940399169922
42,35.0,344.4896545410156,311.03912353515625
43,67.0,1153.0501708984375,922.4954223632812
44,22.0,137.5439453125,130.84426879882812
45,21.0,127.08599853515625,119.59844970703125
46,67.0,1194.48828125,920.8907470703125
47,16.0,74.47811126708984,68.99919128417969
48,23.0,157.7679443359375,141.4844207763672
49,52.0,753.6297607421875,613.7650146484375
50,33.0,306.14508056640625,276.7962646484375
51,29.0,236.0181121826172,218.42620849609375
52,41.0,472.1982421875,407.8553771972656
53,20.0,137.27813720703125,114.07550048828125
54,37.0,385.6665954589844,337.669677734375
55,19.0,106.6054458618164,91.73658752441406
56,23.0,152.12159729003906,136.5260772705078
57,17.0,83.35873413085938,77.03208923339844
58,38.0,405.7325439453125,351.53851318359375
59,20.0,122.04839324951172,108.56742095947266
60,20.0,109.45946502685547,105.4596176147461
61,19.0,124.14392852783203,101.1845932006836
62,17.0,85.1026611328125,76.06028747558594
63,45.0,539.4617919921875,469.3520812988281
64,29.0,239.1393585205078,215.9418487548828
65,45.0,563.4019775390625,474.5704040527344
66,18.0,106.70521545410156,91.6299819946289
67,29.0,231.98167419433594,213.20005798339844
68,19.0,96.99427795410156,93.47340393066406
69,41.0,474.9967956542969,401.7472839355469
70,36.0,344.0336608886719,313.0406799316406
71,30.0,249.2866668701172,221.9055938720703
72,31.0,289.982177734375,246.9341278076172
73,30.0,263.40478515625,231.25274658203125
74,30.0,245.2524871826172,225.0424346923828
75,42.0,493.69891357421875,411.7746887207031
76,32.0,292.5268859863281,254.32273864746094
77,32.0,288.25286865234375,253.91238403320312
78,37.0,377.6151123046875,327.0604553222656
79,25.0,166.92596435546875,156.30801391601562
80,31.0,261.43695068359375,237.84925842285156
81,47.0,589.3046264648438,504.6680603027344
82,118.0,3094.634521484375,2035.8465576171875
83,41.0,438.79046630859375,390.5047302246094
84,27.0,199.18739318847656,179.77389526367188
85,28.0,208.83909606933594,191.55824279785156
86,14.0,51.06868362426758,44.8133544921875
87,28.0,210.5731201171875,189.29222106933594
88,88.0,1847.72412109375,1350.1353759765625
89,59.0,885.785888671875,725.5319213867188
90,29.0,222.17543029785156,203.82435607910156
91,37.0,352.4881896972656,317.414306640625
92,29.0,223.58901977539062,202.97454833984375
93,18.0,110.49385833740234,83.96808624267578
94,115.0,2955.274169921875,1951.0364990234375
95,15.0,57.2702751159668,49.24155044555664
96,23.0,159.67031860351562,135.6872100830078
97,103.0,2434.756591796875,1672.595458984375
98,44.0,510.4725646972656,429.2616882324219
99,44.0,496.21405029296875,432.79656982421875
100,53.0,714.87158203125,598.1934204101562
101,69.0,1166.287109375,925.3522338867188
102,21.0,111.31446075439453,100.91727447509766
103,45.0,522.465576171875,444.5253601074219
104,68.0,1153.688720703125,901.7457275390625
105,62.0,941.735595703125,770.3067626953125
106,50.0,646.3333129882812,543.6231689453125
107,20.0,105.51447296142578,87.3080825805664
108,39.0,408.3592224121094,349.1128845214844
109,41.0,445.5348815917969,365.25201416015625
110,39.0,406.3715515136719,337.1695556640625
111,28.0,194.9230499267578,177.2228546142578
112,84.0,1620.63134765625,1232.7376708984375
113,30.0,236.60968017578125,208.90200805664062
114,41.0,422.96795654296875,367.7235412597656
115,60.0,899.00146484375,721.5781860351562
116,96.0,2137.95166015625,1487.5758056640625
117,71.0,1242.3968505859375,945.6355590820312
118,90.0,1915.103271484375,1357.6680908203125
119,81.0,1562.165283203125,1155.4288330078125
120,22.0,119.79877471923828,106.32630157470703
121,29.0,228.41636657714844,199.34156799316406
122,29.0,207.9058837890625,186.0514373779297
123,23.0,131.27096557617188,114.71812438964844
124,63.0,969.7484741210938,773.8910522460938
125,35.0,306.2447509765625,268.4806213378906
126,35.0,322.2940673828125,279.9930725097656
127,48.0,572.0664672851562,488.406982421875
128,45.0,501.06610107421875,415.5382080078125
129,60.0,850.3837890625,712.6395263671875
130,40.0,415.2515869140625,354.9941101074219
131,39.0,361.6874694824219,326.4938049316406
132,69.0,1113.236572265625,893.2902221679688
133,44.0,491.3031005859375,401.9393310546875
134,49.0,581.70556640625,495.85906982421875
135,59.0,827.4359130859375,682.0791625976562
136,53.0,694.7794799804688,564.9395751953125
137,26.0,179.55519104003906,153.09799194335938
138,61.0,863.8216552734375,710.216552734375
139,33.0,267.8345947265625,232.18136596679688
140,32.0,258.74151611328125,227.1069793701172
141,63.0,975.0416870117188,743.9005126953125
142,53.0,706.1779174804688,563.2994995117188
143,31.0,248.2772216796875,210.09860229492188
144,83.0,1635.086181640625,1170.5062255859375
145,71.0,1171.7265625,909.5571899414062
146,25.0,178.59259033203125,137.09954833984375
147,87.0,1687.57861328125,1246.153076171875
148,30.0,246.7819061279297,196.91505432128906
149,93.0,1958.3956298828125,1373.076416015625
150,24.0,148.5315704345703,104.88855743408203
151,36.0,297.9666748046875,266.6991882324219
152,63.0,918.7006225585938,743.4420166015625
153,87.0,1678.3172607421875,1233.76806640625
154,25.0,162.74505615234375,135.02322387695312
155,37.0,335.7723388671875,273.904296875
156,49.0,558.7014770507812,471.590576171875
157,100.0,2190.897705078125,1513.434326171875
158,49.0,572.5216064453125,464.5177917480469
159,43.0,443.6396484375,377.9951171875
160,79.0,1369.949951171875,1045.2967529296875
161,29.0,197.1191864013672,160.71798706054688
162,43.0,432.8409423828125,376.6039733886719
163,28.0,173.75393676757812,151.46437072753906
164,47.0,508.34027099609375,440.55242919921875
165,62.0,864.5305786132812,697.9978637695312
166,40.0,366.6955871582031,308.17303466796875
167,67.0,1069.299072265625,795.31884765625
168,30.0,226.06231689453125,184.07577514648438
169,62.0,866.9400634765625,690.5604858398438
170,100.0,2050.294921875,1496.2958984375
171,62.0,870.9317626953125,686.1582641601562
172,22.0,123.49958801269531,94.6274185180664
173,44.0,454.8302917480469,361.8855285644531
174,101.0,2144.13427734375,1491.27734375
175,78.0,1357.0576171875,998.8740234375
176,35.0,253.48329162597656,231.1966094970703
177,69.0,1084.302734375,812.750732421875
178,22.0,96.06180572509766,78.96064758300781
179,82.0,1452.512451171875,1092.5906982421875
180,56.0,684.6735229492188,559.9456787109375
181,29.0,167.53659057617188,153.958984375
182,37.0,330.6380615234375,263.5425720214844
183,70.0,1103.21240234375,831.7232666015625
184,104.0,2095.141357421875,1540.451904296875
185,33.0,264.81878662109375,176.86074829101562
186,45.0,429.0789489746094,364.30621337890625
187,79.0,1312.806640625,1008.677001953125
188,55.0,699.53515625,529.9840087890625
189,59.0,822.9421997070312,612.9143676757812
190,106.0,2245.609375,1568.7193603515625
191,24.0,131.83555603027344,105.04086303710938
192,41.0,351.6898498535156,301.2232971191406
193,27.0,138.1304168701172,122.13610076904297
194,33.0,279.6878662109375,203.83059692382812
195,60.0,776.6829833984375,618.5989379882812
196,70.0,1046.734619140625,826.4947509765625
197,38.0,315.73944091796875,266.5590515136719
198,40.0,322.6170654296875,280.8844909667969
199,98.0,1976.1304931640625,1377.974365234375
200,77.0,1267.56689453125,935.6499633789062
201,50.0,591.4075317382812,424.6208190917969
202,63.0,866.4814453125,662.5975952148438
203,69.0,1047.7257080078125,786.5238037109375
204,56.0,688.1862182617188,520.2269287109375
205,74.0,1144.7471923828125,858.8919677734375
206,54.0,604.2498779296875,487.40924072265625
207,35.0,256.859130859375,214.98422241210938
208,19.0,28.004297256469727,58.72209548950195
209,109.0,2321.13427734375,1573.1026611328125
210,86.0,1607.7847900390625,1098.9468994140625
211,102.0,2112.02587890625,1406.8765869140625
212,40.0,348.78546142578125,273.9088439941406
213,80.0,1263.760986328125,972.12646484375
214,38.0,319.36090087890625,244.5630645751953
215,98.0,1951.766357421875,1322.5909423828125
216,116.0,2621.0712890625,1721.643798828125
217,63.0,783.5430297851562,642.2048950195312
218,66.0,893.4028930664062,690.7905883789062
219,50.0,551.5086669921875,422.2234802246094
220,37.0,263.9218444824219,201.8122100830078
221,55.0,598.7485961914062,493.4363708496094
222,47.0,452.3992919921875,358.9703369140625
223,69.0,970.1033325195312,726.70458984375
224,89.0,1525.126220703125,1136.425537109375
225,43.0,365.9207763671875,309.9253845214844
226,43.0,364.6132507324219,290.865478515625
227,113.0,2379.69189453125,1611.962158203125
228,24.0,105.75763702392578,83.99214172363281
229,35.0,250.36798095703125,193.338623046875
230,203.0,6245.5078125,3269.80029296875
231,79.0,1257.977294921875,905.4028930664062
232,70.0,970.3866577148438,737.7880859375
233,37.0,270.7977294921875,212.00701904296875
234,60.0,705.2660522460938,569.1243286132812
235,78.0,1197.363525390625,860.6015625
236,34.0,198.45913696289062,164.6984405517578
237,137.0,3286.989990234375,2056.063232421875
238,42.0,326.7656555175781,262.0975646972656
239,53.0,547.1638793945312,428.9630432128906
240,67.0,931.0162353515625,646.6678466796875
241,43.0,342.0487060546875,259.3255615234375
242,74.0,1023.4472045898438,781.5164794921875
243,51.0,463.8544006347656,378.72735595703125
244,39.0,267.56988525390625,213.4308624267578
245,96.0,1697.643310546875,1214.31591796875
246,102.0,1990.498291015625,1315.1915283203125
247,83.0,1330.9583740234375,961.1856079101562
248,99.0,1863.61083984375,1278.26611328125
249,136.0,3197.80712890625,1946.3671875
250,33.0,176.631591796875,132.13487243652344
251,77.0,1125.06689453125,833.0503540039062
252,102.0,1939.8057861328125,1295.71142578125
253,32.0,161.6905975341797,121.77173614501953
254,204.0,6628.6533203125,3197.7412109375
255,27.0,99.96394348144531,74.33103942871094
256,34.0,220.61288452148438,149.5592041015625
257,25.0,76.79532623291016,57.712703704833984
258,41.0,314.5347900390625,248.4270477294922
259,35.0,209.4370574951172,169.94464111328125
260,50.0,426.18780517578125,358.51190185546875
261,47.0,444.08709716796875,317.99859619140625
262,27.0,111.63457489013672,89.06330108642578
263,59.0,645.8314819335938,469.2763977050781
264,27.0,92.57781982421875,67.44381713867188
265,69.0,911.4116821289062,658.5850219726562
266,138.0,3193.848388671875,1882.9677734375
267,57.0,565.0205078125,462.0173034667969
268,53.0,478.576416015625,394.57757568359375
269,36.0,207.80685424804688,158.57017517089844
270,187.0,5449.86376953125,2780.801513671875
271,96.0,1712.921142578125,1128.5858154296875
272,18.0,4.304400444030762,31.36714744567871
273,68.0,821.213623046875,630.0799560546875
274,79.0,1150.984375,800.8099975585938
275,94.0,1517.9296875,1065.677001953125
276,55.0,534.5523681640625,400.9507751464844
277,34.0,163.67787170410156,121.49385070800781
278,94.0,1592.821044921875,1039.5306396484375
279,121.0,2516.60498046875,1583.064453125
280,151.0,3675.61328125,2106.132568359375
281,41.0,286.47393798828125,216.46241760253906
282,361.0,14521.1435546875,4877.5419921875
283,83.0,1216.8857421875,868.3411254882812
284,78.0,1113.1654052734375,771.7821655273438
285,113.0,2212.5927734375,1399.806640625
286,228.0,7221.66259765625,3315.08447265625
287,259.0,8670.9267578125,3760.451416015625
288,54.0,508.5614929199219,368.653564453125
289,76.0,1022.4721069335938,725.4505615234375
290,46.0,326.6785888671875,243.44065856933594
291,50.0,406.6293640136719,309.2344970703125
292,104.0,1727.0194091796875,1143.6915283203125
293,66.0,683.4856567382812,566.30810546875
294,38.0,205.17115783691406,147.73805236816406
295,98.0,1601.2003173828125,1084.1358642578125
296,61.0,598.0405883789062,455.015380859375
297,76.0,991.4022216796875,728.9063110351562
298,129.0,2808.10595703125,1692.94873046875
299,23.0,30.856969833374023,43.126502990722656
300,30.0,103.4906234741211,81.44898223876953
301,233.0,7259.3330078125,3375.3583984375
302,186.0,4828.0712890625,2574.963623046875
303,75.0,936.2386474609375,663.9099731445312
304,126.0,2590.633056640625,1545.1593017578125
305,111.0,1826.5074462890625,1246.138916015625
306,80.0,1042.845703125,764.9383544921875
307,496.0,21175.380859375,5486.884765625
308,50.0,375.084228515625,270.7231140136719
309,61.0,593.7944946289062,424.22528076171875
310,269.0,8716.78515625,3702.9619140625
311,160.0,3930.737060546875,2202.935546875
312,258.0,7986.181640625,3465.3095703125
313,183.0,5001.6904296875,2540.77294921875
314,57.0,464.3195495605469,382.08074951171875
315,115.0,2196.119873046875,1300.8560791015625
316,94.0,1446.0191650390625,946.13720703125
317,246.0,7435.3388671875,3378.509033203125
318,93.0,1242.814453125,899.1834716796875
319,88.0,1132.29833984375,859.043212890625
320,100.0,1538.527587890625,1026.593017578125
321,125.0,2100.09814453125,1389.3648681640625
322,357.0,13270.26171875,4418.44091796875
323,239.0,7138.29541015625,3205.359375
324,148.0,3288.39404296875,1851.7913818359375
325,74.0,788.1866455078125,600.76806640625
326,227.0,6598.08154296875,3059.34619140625
327,258.0,8263.8466796875,3408.07763671875
328,237.0,7076.27978515625,3145.254638671875
329,216.0,6399.08203125,2933.106201171875
330,68.0,679.736328125,423.1960144042969
331,347.0,12232.462890625,4177.62841796875
332,341.0,11990.30859375,4062.232666015625
333,154.0,3418.38818359375,1860.699462890625
334,91.0,1185.9158935546875,830.3435668945312
335,155.0,3372.952392578125,1829.015380859375
336,127.0,2123.156494140625,1367.1512451171875
337,35.0,111.35234069824219,100.07328033447266
338,121.0,2117.122802734375,1331.7701416015625
339,235.0,6551.89208984375,2974.27978515625
340,299.0,9806.484375,3743.559326171875
341,116.0,1956.20068359375,1210.3885498046875
342,287.0,9433.642578125,3676.90625
343,47.0,224.2023468017578,184.7098388671875
344,233.0,6615.85986328125,2982.926025390625
345,29.0,35.961509704589844,55.96178436279297
346,108.0,1653.487060546875,1034.607421875
347,89.0,1111.8583984375,725.4347534179688
348,84.0,913.5783081054688,674.2883911132812
349,180.0,4084.18896484375,2131.94873046875
350,137.0,2496.901611328125,1484.0010986328125
351,115.0,1617.460693359375,1089.13623046875
352,226.0,6357.2314453125,2862.3720703125
353,148.0,2763.06884765625,1610.81103515625
354,321.0,10208.8408203125,3626.42138671875
355,148.0,3062.94482421875,1635.0235595703125
356,236.0,6602.4365234375,2980.32373046875
357,157.0,3298.308349609375,1799.230712890625
358,256.0,7072.3828125,2893.8984375
359,110.0,1624.5982666015625,1021.9025268554688
360,155.0,3236.938232421875,1710.590576171875
361,137.0,2754.7373046875,1424.77685546875
362,167.0,3242.946533203125,1833.020263671875
363,204.0,5116.7763671875,2454.55078125
364,110.0,1556.39794921875,960.1879272460938
365,145.0,2755.5673828125,1553.703125
366,272.0,7794.5419921875,3200.841552734375
367,82.0,861.8690185546875,563.967529296875
368,232.0,6135.654296875,2798.32177734375
369,62.0,407.37762451171875,326.8948974609375
370,124.0,1825.49658203125,1196.1802978515625
371,126.0,1875.942138671875,1221.1817626953125
372,284.0,8214.0341796875,3284.462158203125
373,410.0,13730.6025390625,4098.87451171875
374,154.0,3105.02392578125,1637.8712158203125
375,170.0,3771.036865234375,1861.58837890625
376,324.0,9738.75,3459.528076171875
377,180.0,3765.11767578125,1927.21435546875
378,173.0,3746.07373046875,1930.4541015625
379,199.0,4433.08642578125,2207.029296875
380,224.0,5858.86181640625,2621.816650390625
381,117.0,1750.1722412109375,1043.1810302734375
382,189.0,4159.49853515625,2103.5205078125
383,135.0,2360.28857421875,1298.681884765625
384,155.0,2674.16552734375,1574.8521728515625
385,411.0,13357.486328125,4134.14599609375
386,73.0,526.95849609375,377.5420837402344
387,155.0,2789.292724609375,1598.2960205078125
388,143.0,2117.41015625,1340.738525390625
389,192.0,4468.20166015625,2138.064208984375
390,267.0,7038.0390625,2914.67333984375
391,207.0,4443.681640625,2294.1962890625
392,167.0,3567.58984375,1632.5557861328125
393,229.0,5460.6875,2527.501953125
394,107.0,1273.833984375,847.5421142578125
395,181.0,3224.401611328125,1752.1767578125
396,218.0,5252.384765625,2391.846435546875
397,77.0,553.0094604492188,425.1213073730469
398,162.0,2606.40185546875,1539.8623046875
399,116.0,1369.663818359375,967.2836303710938
400,177.0,3086.7919921875,1855.2664794921875
401,138.0,1824.724853515625,1227.8203125
402,61.0,268.08575439453125,243.4066925048828
403,192.0,3641.885986328125,1943.6669921875
404,236.0,5603.17333984375,2525.1376953125
405,48.0,103.10347747802734,130.32252502441406
406,200.0,3765.85009765625,1989.32421875
407,227.0,5179.8828125,2413.7197265625
408,121.0,1251.714111328125,1030.6295166015625
409,232.0,5363.20166015625,2459.0703125
410,164.0,2534.38525390625,1593.8323974609375
411,224.0,4919.96826171875,2300.380126953125
412,268.0,6342.234375,2666.676025390625
413,132.0,1619.8984375,1114.7359619140625
414,268.0,6499.9052734375,2745.882080078125
415,130.0,1376.698974609375,1050.6954345703125
416,126.0,1354.1976318359375,1112.464599609375
417,205.0,4632.23193359375,2096.38916015625
418,268.0,6333.87255859375,2679.817138671875
419,160.0,2170.05859375,1426.2322998046875
420,138.0,1622.3896484375,1216.8101806640625
421,120.0,1124.8292236328125,965.0234985351562
422,158.0,2410.658935546875,1331.841552734375
423,245.0,5232.439453125,2372.905517578125
424,210.0,4181.08251953125,1828.99658203125
425,306.0,7774.548828125,2966.734619140625
426,398.0,11362.5458984375,3562.05517578125
427,160.0,2865.55126953125,1383.056396484375
428,153.0,1937.9814453125,1208.3966064453125
429,213.0,4563.3759765625,2141.506103515625
430,200.0,3804.202392578125,1958.4117431640625
431,389.0,11866.30078125,3656.862060546875
432,500.0,16310.7138671875,3973.4658203125
433,141.0,1573.25927734375,1178.78271484375
434,208.0,3754.229736328125,1929.6746826171875
435,182.0,3044.5947265625,1483.9417724609375
436,245.0,5482.10791015625,2388.768310546875
437,135.0,1477.1141357421875,1055.693603515625
438,500.0,16727.5703125,3738.978515625
439,415.0,12196.9169921875,3612.968994140625
440,127.0,1199.75341796875,926.0817260742188
441,152.0,1876.56640625,1127.9176025390625
442,318.0,7609.4697265625,2920.869873046875
443,303.0,7065.5380859375,2296.98193359375
444,268.0,6639.4462890625,2534.891845703125
445,500.0,15142.880859375,3614.1806640625
446,344.0,9356.021484375,3062.18896484375
447,379.0,10567.7607421875,3093.688232421875
448,345.0,8881.525390625,3084.120361328125
449,211.0,3735.8359375,1737.0780029296875
450,479.0,14272.240234375,3688.547119140625
451,365.0,9856.8291015625,2873.341552734375
452,120.0,790.4177856445312,869.9655151367188
453,255.0,5841.529296875,2361.197998046875
454,362.0,8783.41015625,2818.51025390625
455,464.0,14106.96484375,3716.61572265625
456,178.0,2572.8251953125,1470.228515625
457,500.0,15564.2587890625,3824.208740234375
458,177.0,2555.18212890625,1589.9927978515625
459,217.0,3863.906005859375,1742.99365234375
460,88.0,483.11907958984375,387.6028137207031
461,277.0,5589.9853515625,1946.1302490234375
462,500.0,14954.1591796875,3369.56103515625
463,500.0,15720.138671875,3906.736328125
464,448.0,12842.7705078125,3463.494384765625
465,272.0,6057.47119140625,2289.66796875
466,393.0,11283.490234375,3213.181396484375
467,286.0,5962.943359375,2239.7958984375
468,359.0,8742.2802734375,2839.46142578125
469,398.0,10589.4462890625,2932.139404296875
470,491.0,14430.8818359375,3584.015380859375
471,500.0,15304.6025390625,3631.280029296875
472,500.0,14845.7392578125,3410.3330078125
473,418.0,11202.81640625,3278.020263671875
474,500.0,14451.5068359375,3254.480712890625
475,446.0,11935.3603515625,3090.223388671875
476,200.0,2694.5927734375,1464.62353515625
477,199.0,3039.56298828125,1331.6220703125
478,344.0,7424.95751953125,2117.13427734375
479,425.0,10451.056640625,2879.182861328125
480,179.0,2929.42919921875,1291.5069580078125
481,270.0,5487.39599609375,1957.816650390625
482,500.0,13993.912109375,3199.095458984375
483,500.0,14054.1181640625,3082.494384765625
484,432.0,11520.6083984375,3150.170654296875
485,401.0,9779.453125,2569.442626953125
486,500.0,13964.24609375,3162.94091796875
487,336.0,7987.4892578125,2528.353515625
488,194.0,2218.888916015625,1559.0938720703125
489,500.0,13201.3681640625,2877.23486328125
490,500.0,13523.7236328125,2852.06298828125
491,500.0,12396.7275390625,2744.384765625
492,500.0,13190.4697265625,2923.5419921875
493,494.0,13434.6953125,2883.417236328125
494,420.0,10339.546875,2731.628662109375
495,242.0,3605.5234375,1448.4930419921875
496,214.0,2962.52197265625,1591.3818359375
497,500.0,13056.8369140625,2872.74462890625
498,500.0,13054.8427734375,2826.35888671875
499,391.0,9710.384765625,2649.859130859375
500,367.0,7861.48974609375,2343.99462890625
501,500.0,12294.5517578125,2786.73193359375
502,215.0,2770.882080078125,1530.6776123046875
503,500.0,13172.134765625,2829.123046875
504,500.0,13834.876953125,3105.54736328125
505,134.0,395.8341369628906,823.6912231445312
506,246.0,3781.513916015625,1361.7728271484375
507,358.0,7727.38916015625,2396.62353515625
508,500.0,12318.9306640625,2668.405517578125
509,500.0,13039.486328125,2932.0888671875
510,287.0,5993.056640625,2113.564453125
511,500.0,13502.837890625,2971.822265625
512,281.0,4325.29150390625,1542.4915771484375
513,324.0,5658.55078125,1641.1510009765625
514,237.0,3279.70751953125,1276.47607421875
515,500.0,12960.8115234375,2692.20751953125
516,221.0,3014.537109375,1165.1971435546875
517,472.0,12053.265625,2676.821533203125
518,500.0,13373.78125,2882.9130859375
519,211.0,2372.662109375,1428.230712890625
520,248.0,4212.74755859375,1775.2115478515625
521,401.0,10425.208984375,2615.026611328125
522,500.0,14007.0419921875,3005.190185546875
523,247.0,4210.978515625,1724.7813720703125
524,274.0,4206.00439453125,1787.4874267578125
525,229.0,3566.7919921875,1440.9559326171875
526,396.0,8112.28125,2296.1181640625
527,385.0,9428.884765625,2442.909423828125
528,382.0,9092.2421875,2386.686279296875
529,500.0,12298.8291015625,2471.342529296875
530,493.0,11893.9169921875,2799.57958984375
531,336.0,7612.32421875,2156.291748046875
532,275.0,5182.8134765625,1561.82275390625
533,431.0,10729.4296875,2491.734375
534,500.0,12920.26171875,2797.558837890625
535,175.0,1440.74169921875,907.1226806640625
536,500.0,13404.4013671875,2715.671142578125
537,500.0,12624.8759765625,2527.895751953125
538,258.0,4761.07568359375,1538.630615234375
539,219.0,3010.453857421875,1246.8074951171875
540,500.0,12578.7734375,2721.244384765625
541,362.0,8382.0400390625,2362.240966796875
542,366.0,6820.73828125,1829.9884033203125
543,500.0,12509.173828125,2609.656005859375
544,282.0,5586.0234375,1787.2496337890625
545,96.0,-91.28302764892578,331.91790771484375
546,500.0,13452.2763671875,2801.9765625
547,500.0,12093.3671875,2475.31591796875
548,500.0,12312.087890625,2549.959228515625
549,267.0,3893.495849609375,1496.7655029296875
550,312.0,6229.27734375,1889.580322265625
551,140.0,365.61279296875,645.3834838867188
552,500.0,12086.2119140625,2639.62255859375
553,359.0,7833.55126953125,2129.80908203125
554,500.0,11721.1650390625,2402.746826171875
555,500.0,12139.9462890625,2385.824462890625
556,61.0,-568.7606201171875,373.0517883300781
557,500.0,11797.2685546875,2309.888427734375
558,500.0,12091.20703125,2503.00634765625
559,305.0,5586.7578125,1780.8951416015625
560,500.0,11476.83984375,2333.786865234375
561,170.0,1503.8204345703125,795.9493408203125
562,500.0,12414.259765625,2592.391845703125
563,500.0,11228.068359375,2423.658203125
564,121.0,246.43548583984375,436.7615661621094
565,500.0,11320.36328125,2347.64599609375
566,500.0,10857.296875,2254.08447265625
567,500.0,11582.861328125,2239.6435546875
568,500.0,11013.5283203125,2287.622314453125
569,500.0,10633.3857421875,2001.7486572265625
570,323.0,5012.8310546875,1534.64111328125
571,500.0,10753.8291015625,2175.75732421875
572,500.0,11415.591796875,2232.8720703125
573,302.0,4834.45556640625,1551.2523193359375
574,500.0,10924.283203125,2219.46826171875
575,500.0,12082.638671875,2357.826904296875
576,342.0,5735.3916015625,1604.4073486328125
577,500.0,10812.873046875,2327.687744140625
578,500.0,10836.1220703125,2209.850830078125
579,500.0,10143.1494140625,1835.61279296875
580,394.0,7890.23583984375,2006.3665771484375
581,500.0,10255.384765625,2117.967041015625
582,420.0,8211.431640625,1957.513671875
583,382.0,7194.40625,1841.9407958984375
584,310.0,3804.645263671875,1401.777099609375
585,500.0,11101.0361328125,2192.749755859375
586,500.0,10857.4140625,2126.4287109375
587,148.0,-245.2201385498047,761.7988891601562
588,330.0,5185.99853515625,1530.4288330078125
589,402.0,7552.5302734375,1978.8006591796875
590,376.0,7445.166015625,1818.752197265625
591,500.0,11149.728515625,2184.7412109375
592,500.0,9481.482421875,1761.25048828125
593,500.0,10670.4033203125,2149.58740234375
594,182.0,1285.528564453125,743.3616333007812
595,314.0,4503.58984375,1319.8419189453125
596,500.0,10919.1806640625,2138.771240234375
597,500.0,9745.408203125,1890.85400390625
598,500.0,10847.1494140625,2067.098876953125
599,500.0,9910.185546875,1911.88623046875
600,376.0,6735.7412109375,1677.0428466796875
601,500.0,9237.6298828125,1694.2874755859375
602,335.0,5817.8916015625,1548.3704833984375
603,245.0,1733.0701904296875,1270.9515380859375
604,161.0,-193.44036865234375,821.7777709960938
605,500.0,9996.0888671875,2062.54345703125
606,206.0,884.5545043945312,738.328125
607,500.0,10580.443359375,1978.15576171875
608,500.0,9857.12890625,1944.655029296875
609,500.0,8853.60546875,1711.4322509765625
610,500.0,10627.572265625,1972.140380859375
611,500.0,10552.880859375,1961.0792236328125
612,500.0,10343.119140625,1956.9725341796875
613,500.0,10413.9130859375,1884.336669921875
614,384.0,6172.1064453125,1604.3067626953125
615,500.0,9697.2880859375,1746.1748046875
616,317.0,4046.683837890625,1252.203369140625
617,227.0,1795.43505859375,928.498046875
618,347.0,5576.63037109375,1379.7550048828125
619,500.0,8768.849609375,1883.816162109375
620,500.0,9696.873046875,1850.2235107421875
621,500.0,8776.6923828125,1697.051513671875
622,500.0,9833.5224609375,1829.59912109375
623,393.0,6150.78662109375,1461.956298828125
624,500.0,9843.06640625,1873.9451904296875
625,500.0,10062.3681640625,1774.804443359375
626,500.0,9195.7421875,1721.2432861328125
627,500.0,9659.5654296875,1766.3641357421875
628,215.0,1466.9923095703125,766.787109375
629,376.0,6034.966796875,1466.0445556640625
630,500.0,9556.3095703125,1771.60498046875
631,241.0,1517.1357421875,1186.951416015625
632,181.0,595.783203125,662.04541015625
633,500.0,9635.630859375,1769.633544921875
634,275.0,2415.36669921875,1131.5242919921875
635,447.0,7690.19873046875,1709.3570556640625
636,500.0,8930.775390625,1730.521728515625
637,500.0,8488.875,1548.8372802734375
638,180.0,359.5722961425781,612.8873901367188
639,500.0,8850.5693359375,1594.3297119140625
640,371.0,5002.52490234375,1272.0799560546875
641,500.0,8925.8076171875,1636.26953125
642,500.0,8652.5986328125,1645.449951171875
643,500.0,9082.236328125,1650.01025390625
644,263.0,2143.4912109375,961.9464721679688
645,500.0,8692.4775390625,1584.6927490234375
646,222.0,1291.7901611328125,713.7127685546875
647,500.0,8384.1337890625,1596.4598388671875
648,197.0,462.0003356933594,754.6005859375
649,500.0,8918.6787109375,1588.9976806640625
650,388.0,5055.27392578125,1284.8272705078125
651,500.0,8332.0703125,1572.1937255859375
652,500.0,8742.94140625,1511.414306640625
653,381.0,4766.16650390625,1362.9783935546875
654,482.0,6969.68359375,1444.512451171875
655,500.0,8454.9384765625,1564.9718017578125
656,226.0,813.8186645507812,771.0874633789062
657,500.0,7917.4287109375,1492.672607421875
658,500.0,7665.7763671875,1417.4368896484375
659,500.0,7809.7958984375,1470.0242919921875
660,500.0,7566.46337890625,1410.9298095703125
661,500.0,7576.71728515625,1421.2330322265625
662,500.0,7534.8310546875,1470.99951171875
663,453.0,6280.03662109375,1391.854736328125
664,500.0,7552.2978515625,1396.9312744140625
665,500.0,7231.8330078125,1455.6627197265625
666,500.0,8378.2861328125,1472.3988037109375
667,311.0,2967.64501953125,1005.883544921875
668,130.0,-725.622314453125,571.8494873046875
669,500.0,7449.3125,1344.56298828125
670,500.0,7411.767578125,1400.663818359375
671,500.0,7229.484375,1329.1217041015625
672,355.0,2745.284912109375,1111.5947265625
673,500.0,7362.75634765625,1361.319580078125
674,500.0,7848.6142578125,1377.408935546875
675,336.0,2942.498046875,1026.35693359375
676,372.0,3861.767578125,1276.079833984375
677,500.0,7300.87109375,1429.5701904296875
678,472.0,6453.14697265625,1283.3192138671875
679,500.0,6604.28564453125,1328.5869140625
680,500.0,5953.3994140625,1255.1605224609375
681,500.0,6973.52978515625,1282.00634765625
682,500.0,6871.35205078125,1329.6773681640625
683,500.0,6838.34765625,1413.5152587890625
684,500.0,7261.1142578125,1344.070556640625
685,500.0,6166.7705078125,1337.4210205078125
686,500.0,6239.537109375,1252.8369140625
687,500.0,6063.81005859375,1343.2100830078125
688,500.0,7204.15966796875,1325.016845703125
689,500.0,6825.13623046875,1227.4697265625
690,500.0,6192.2958984375,1192.5367431640625
691,295.0,1641.0596923828125,1076.7947998046875
692,401.0,4073.99169921875,1137.012451171875
693,500.0,6270.845703125,1185.461669921875
694,500.0,6151.3388671875,1116.9129638671875
695,500.0,6701.7001953125,1238.3829345703125
696,500.0,5468.2294921875,1106.24560546875
697,500.0,6934.54052734375,1258.028564453125
698,500.0,6641.38330078125,1232.51318359375
699,500.0,6188.26220703125,1216.640869140625
700,500.0,6369.5908203125,1160.71630859375
701,500.0,6160.974609375,1032.67041015625
702,500.0,7048.8828125,1264.7532958984375
703,382.0,3535.20068359375,1116.2366943359375
704,500.0,6311.16259765625,1135.6578369140625
705,500.0,6465.11328125,1187.5179443359375
706,500.0,5479.4609375,1161.45458984375
707,500.0,6337.45263671875,1078.359619140625
708,465.0,4917.2294921875,1149.845703125
709,500.0,5522.220703125,1044.5501708984375
710,500.0,5628.318359375,1013.8226318359375
711,482.0,4789.8818359375,1142.3607177734375
712,500.0,5938.099609375,1186.26171875
713,500.0,6009.79931640625,1098.656005859375
714,500.0,5953.8271484375,1144.9962158203125
715,500.0,5870.11376953125,1104.1539306640625
716,500.0,5407.2734375,1081.70849609375
717,500.0,5726.818359375,1080.18603515625
718,500.0,5646.3828125,1109.7857666015625
719,500.0,6065.63330078125,1101.751708984375
720,500.0,4769.84033203125,1110.3953857421875
721,500.0,5682.85791015625,1089.928466796875
722,500.0,4918.005859375,921.8110961914062
723,500.0,5984.94970703125,1047.2996826171875
724,307.0,1608.0299072265625,892.0075073242188
725,500.0,5518.01708984375,1022.071044921875
726,500.0,5425.85205078125,1115.854736328125
727,393.0,3051.2763671875,1129.2979736328125
728,500.0,5646.13330078125,1080.010986328125
729,500.0,6005.005859375,1118.46923828125
730,500.0,5619.990234375,1027.9420166015625
731,500.0,5557.9541015625,1038.3792724609375
732,500.0,5191.95068359375,1024.324951171875
733,500.0,5400.7900390625,1030.6029052734375
734,500.0,5327.69921875,1070.770263671875
735,329.0,1387.007080078125,955.629638671875
736,500.0,4801.70068359375,923.2913818359375
737,500.0,5310.83837890625,1095.33837890625
738,500.0,5836.88720703125,1038.1466064453125
739,500.0,5498.90283203125,1028.5787353515625
740,500.0,4948.9658203125,998.9166259765625
741,500.0,4511.84033203125,899.5023193359375
742,500.0,5099.46630859375,935.92138671875
743,500.0,5366.47705078125,992.7003173828125
744,311.0,1468.6668701171875,792.1228637695312
745,500.0,5249.0224609375,1018.5204467773438
746,500.0,5623.7841796875,990.8765869140625
747,500.0,5476.44580078125,937.7977294921875
748,500.0,5124.4755859375,918.5670166015625
749,358.0,1672.6744384765625,952.490478515625
750,445.0,3958.88134765625,973.8258666992188
751,500.0,5071.90625,997.491943359375
752,500.0,4789.3681640625,934.5349731445312
753,500.0,5432.248046875,991.0302734375
754,417.0,3434.067626953125,965.341796875
755,500.0,5308.806640625,984.5260009765625
756,500.0,4962.111328125,940.7247924804688
757,500.0,4703.673828125,853.49169921875
758,500.0,4855.10107421875,933.5524291992188
759,500.0,5007.125,951.4766235351562
760,500.0,4818.77197265625,942.6111450195312
761,500.0,4613.49609375,910.3347778320312
762,373.0,2240.514892578125,783.633544921875
763,332.0,894.0704345703125,719.4625854492188
764,500.0,5167.103515625,906.1920776367188
765,500.0,4639.296875,874.0827026367188
766,500.0,4693.44140625,926.782958984375
767,500.0,4615.8017578125,902.211181640625
768,500.0,4534.4892578125,939.3184814453125
769,500.0,4364.59912109375,968.2418212890625
770,255.0,90.98582458496094,677.960693359375
771,500.0,4799.5546875,939.0936279296875
772,450.0,3513.470458984375,874.3051147460938
773,500.0,4212.7275390625,951.3123779296875
774,500.0,4189.42041015625,888.1423950195312
775,500.0,4374.90478515625,899.7533569335938
776,500.0,4709.25830078125,900.777099609375
777,447.0,3359.44384765625,927.7737426757812
778,500.0,3819.40087890625,883.4403686523438
779,434.0,2370.438232421875,888.3074340820312
780,500.0,4230.60888671875,817.3508911132812
781,483.0,3950.6337890625,886.8928833007812
782,500.0,3872.654052734375,851.0291137695312
783,500.0,3799.031494140625,866.0203247070312
784,500.0,4348.16650390625,843.9755249023438
785,500.0,4270.1708984375,802.9108276367188
786,500.0,4422.392578125,847.0068969726562
787,138.0,-1714.158447265625,1175.3302001953125
788,500.0,4004.333984375,932.5213623046875
789,500.0,4054.31396484375,836.8425903320312
790,416.0,2019.6912841796875,822.8932495117188
791,500.0,3957.7705078125,836.0662841796875
792,270.0,-246.97991943359375,857.5243530273438
793,500.0,4017.38037109375,813.7446899414062
794,500.0,3932.418701171875,826.54443359375
795,500.0,3921.697021484375,816.4451904296875
796,500.0,3769.8349609375,797.3156127929688
797,500.0,4047.0126953125,748.68603515625
798,500.0,3695.411376953125,795.30126953125
799,363.0,1024.013916015625,799.2529907226562
800,500.0,4104.8115234375,799.8968505859375
801,500.0,3969.869140625,755.844970703125
802,500.0,3825.209228515625,844.54345703125
803,500.0,3249.787841796875,750.5996704101562
804,500.0,3867.490966796875,779.3330688476562
805,194.0,-1831.3946533203125,930.36572265625
806,500.0,3289.096435546875,753.3772583007812
807,434.0,2661.223876953125,810.7947998046875
808,500.0,3321.3134765625,783.3366088867188
809,495.0,3540.353759765625,887.7816772460938
810,500.0,3455.698974609375,848.205810546875
811,500.0,3667.78955078125,798.0511474609375
812,500.0,4078.62939453125,767.3292846679688
813,500.0,3260.11474609375,835.3937377929688
814,500.0,3344.093017578125,796.0260009765625
815,500.0,3342.412841796875,821.7152709960938
816,500.0,3654.287841796875,741.6611328125
817,500.0,3517.4443359375,759.1680297851562
818,500.0,3285.32470703125,777.5078125
819,500.0,3199.562255859375,749.2561645507812
820,158.0,-1875.9873046875,1159.876220703125
821,500.0,2860.297119140625,724.6034545898438
822,500.0,3486.53271484375,796.8086547851562
823,500.0,3296.4912109375,773.7238159179688
824,500.0,2414.8037109375,656.82470703125
825,500.0,2836.451416015625,677.9312133789062
826,500.0,2409.080810546875,698.4698486328125
827,500.0,2462.141845703125,816.6207885742188
828,500.0,3255.284423828125,782.9140625
829,345.0,-168.77450561523438,908.771728515625
830,500.0,2878.84033203125,748.2161865234375
831,500.0,3057.1640625,743.0113525390625
832,500.0,2883.451416015625,676.7496948242188
833,500.0,2888.841796875,764.9896240234375
834,500.0,2605.860595703125,826.85302734375
835,500.0,2431.686279296875,726.0469970703125
836,500.0,3247.43359375,719.1738891601562
837,500.0,3042.274169921875,712.1229858398438
838,500.0,2968.61572265625,790.623046875
839,500.0,2173.80322265625,681.447509765625
840,500.0,1408.08935546875,680.7984619140625
841,500.0,2412.58984375,774.670654296875
842,500.0,2061.075439453125,802.9493408203125
843,500.0,2304.478515625,755.1281127929688
844,500.0,1973.9835205078125,706.3433837890625
845,500.0,2791.134765625,711.19677734375
846,500.0,2851.241943359375,742.6971435546875
847,500.0,2350.346435546875,710.4562377929688
848,500.0,2370.730224609375,699.7396850585938
849,500.0,2149.148193359375,776.0653686523438
850,500.0,2787.226806640625,755.9474487304688
851,500.0,2578.1826171875,694.3193969726562
852,500.0,2464.35791015625,812.6104736328125
853,500.0,2939.384033203125,729.1838989257812
854,247.0,-1401.7598876953125,964.8611450195312
855,500.0,2045.59375,705.3977661132812
856,500.0,1834.5823974609375,774.1678466796875
857,500.0,2232.321533203125,721.00439453125
858,500.0,2624.0927734375,668.3419799804688
859,500.0,1845.4093017578125,773.2711181640625
860,500.0,2725.61328125,698.0199584960938
861,163.0,-2372.4208984375,1499.2928466796875
862,500.0,2342.830810546875,687.0176391601562
863,500.0,1929.7783203125,766.9212646484375
864,500.0,2170.739990234375,713.204833984375
865,500.0,2255.892578125,691.2678833007812
866,500.0,2339.9609375,702.3201293945312
867,500.0,1863.4395751953125,694.1532592773438
868,473.0,892.972412109375,617.4119262695312
869,500.0,1932.296875,633.8983154296875
870,500.0,1686.2642822265625,716.3948974609375
871,500.0,2417.091064453125,656.540283203125
872,500.0,2458.19970703125,740.7764892578125
873,500.0,2605.423583984375,706.5599365234375
874,500.0,1967.1632080078125,721.691650390625
875,361.0,330.3599853515625,813.0399780273438
876,365.0,-2.8897933959960938,703.3670654296875
877,500.0,2543.500732421875,757.8984375
878,500.0,2289.7578125,701.0451049804688
879,500.0,1990.5411376953125,684.9254150390625
880,302.0,-717.6154174804688,747.2357788085938
881,500.0,2257.754150390625,685.6348876953125
882,500.0,2329.980712890625,648.6227416992188
883,500.0,2191.360107421875,729.5297241210938
884,500.0,2205.2509765625,691.3515014648438
885,500.0,2599.443115234375,696.840576171875
886,500.0,2244.325927734375,660.231689453125
887,500.0,1329.79248046875,740.8379516601562
888,500.0,2306.818115234375,708.1242065429688
889,500.0,1908.7554931640625,704.7504272460938
890,500.0,2331.387451171875,675.4614868164062
891,500.0,2210.240234375,685.6376342773438
892,500.0,2282.11181640625,648.5711059570312
893,500.0,2329.508056640625,701.4580688476562
894,500.0,2089.9638671875,681.9395141601562
895,500.0,2064.306640625,727.1577758789062
896,500.0,1298.052978515625,651.408935546875
897,500.0,1956.26171875,741.8488159179688
898,500.0,1949.34814453125,674.6599731445312
899,500.0,2039.091064453125,664.1906127929688
900,500.0,1789.9368896484375,719.3751220703125
901,500.0,2200.3330078125,658.1683959960938
902,500.0,1957.9061279296875,626.8155517578125
903,500.0,2164.224365234375,684.4031372070312
904,500.0,2540.62646484375,678.2352905273438
905,500.0,1838.917724609375,663.568359375
906,500.0,1829.788330078125,674.4602661132812
907,500.0,1956.5653076171875,679.5961303710938
908,500.0,1362.1358642578125,739.8330078125
909,500.0,2189.5947265625,652.6680908203125
910,500.0,2060.83837890625,676.7549438476562
911,500.0,1897.4202880859375,637.7265625
912,500.0,1752.5703125,735.1297607421875
913,500.0,1722.9500732421875,727.6561889648438
914,500.0,1874.2745361328125,661.263427734375
915,500.0,2278.392578125,661.5272827148438
916,500.0,1674.37548828125,660.572509765625
917,500.0,1940.3363037109375,721.961669921875
918,500.0,2009.9234619140625,650.025146484375
919,500.0,2120.319580078125,666.369140625
920,500.0,1790.4718017578125,625.3262329101562
921,500.0,1842.3980712890625,612.0855712890625
922,500.0,1684.790283203125,649.323486328125
923,500.0,1660.079833984375,690.6364135742188
924,500.0,1417.16748046875,669.270263671875
925,500.0,2075.732666015625,651.0642700195312
926,500.0,1786.1251220703125,601.8317260742188
927,500.0,1754.7403564453125,613.4061889648438
928,500.0,1816.4642333984375,646.4016723632812
929,500.0,1537.820068359375,640.8179931640625
930,500.0,2060.033935546875,644.7720336914062
931,500.0,2033.8782958984375,663.7293701171875
932,500.0,1317.45556640625,714.6566162109375
933,500.0,2076.799072265625,645.8919677734375
934,500.0,1693.9678955078125,666.0438232421875
935,500.0,1726.939697265625,639.0015258789062
936,500.0,1672.0870361328125,640.6695556640625
937,500.0,1910.7998046875,620.2197265625
938,351.0,-491.8865966796875,681.1500854492188
939,500.0,1903.04345703125,648.6172485351562
940,500.0,1937.39990234375,651.55615234375
941,500.0,1549.44140625,617.0172119140625
942,500.0,1715.085205078125,631.5947265625
943,500.0,1752.6094970703125,636.2068481445312
944,349.0,-647.7221069335938,734.9323120117188
945,500.0,1377.6007080078125,642.6118774414062
946,500.0,1070.2646484375,580.952880859375
947,500.0,1785.628173828125,635.1061401367188
948,500.0,1495.55029296875,635.018798828125
949,500.0,1878.3472900390625,636.5692749023438
950,296.0,-1457.443603515625,796.2088012695312
951,496.0,1182.2850341796875,700.4932861328125
952,500.0,1517.925048828125,618.2345581054688
953,226.0,-1928.7406005859375,871.9767456054688
954,368.0,-332.65130615234375,681.009765625
955,235.0,-1999.868896484375,838.6613159179688
956,500.0,1550.995361328125,632.1591186523438
957,393.0,229.88851928710938,657.1045532226562
958,394.0,-102.38008117675781,733.5758056640625
959,255.0,-1654.412353515625,863.3269653320312
960,319.0,-764.371826171875,714.2659912109375
961,405.0,242.90338134765625,694.5405883789062
962,268.0,-1394.6810302734375,733.276123046875
963,493.0,1434.8118896484375,704.51904296875
964,388.0,23.80498504638672,631.8942260742188
965,373.0,-124.51803588867188,703.471923828125
966,500.0,1818.7891845703125,662.6021118164062
967,500.0,1736.23095703125,643.4053955078125
968,500.0,1563.5213623046875,660.3343505859375
969,500.0,1371.1610107421875,629.9133911132812
970,500.0,1751.4959716796875,636.6577758789062
971,187.0,-2166.922119140625,1186.560791015625
972,500.0,1766.6768798828125,632.5240478515625
973,500.0,1798.9561767578125,646.0282592773438
974,500.0,1169.8328857421875,613.578125
975,500.0,1509.2999267578125,637.0447998046875
976,500.0,1225.050048828125,675.5975341796875
977,500.0,802.6554565429688,645.1937255859375
978,500.0,1913.920166015625,598.0224609375
979,256.0,-1983.2806396484375,792.1741333007812
980,500.0,1586.9058837890625,677.03759765625
981,478.0,1471.974609375,636.8051147460938
982,500.0,1724.1785888671875,572.3229370117188
983,500.0,889.2030639648438,614.870361328125
984,500.0,1456.611328125,659.8314208984375
985,500.0,1473.588623046875,649.828125
986,500.0,1641.9891357421875,634.663330078125
987,500.0,1335.1812744140625,631.8116455078125
988,500.0,1379.2923583984375,622.8675537109375
989,500.0,1767.0079345703125,609.9135131835938
990,500.0,498.90631103515625,704.5941772460938
991,500.0,1673.478515625,636.5380249023438
992,500.0,1773.72119140625,552.7392578125
993,500.0,1253.54248046875,682.147216796875
994,500.0,1101.936767578125,667.4717407226562
995,500.0,1091.778076171875,677.9457397460938
996,500.0,778.4402465820312,571.0739135742188
997,500.0,1398.68359375,616.2471313476562
998,500.0,1089.7679443359375,650.8427734375
999,500.0,699.4583740234375,715.8832397460938
1000,500.0,1201.468017578125,663.9067993164062
1001,500.0,428.8786926269531,647.2677612304688
1002,500.0,780.573974609375,636.2027587890625
1003,500.0,898.5215454101562,616.4608764648438
1004,500.0,545.659912109375,633.6691284179688
1005,500.0,1151.2880859375,633.9186401367188
1006,500.0,348.1490173339844,645.3760986328125
1007,500.0,670.4429931640625,617.60595703125
1008,500.0,991.5308227539062,686.3486328125
1009,500.0,1047.861328125,590.0546264648438
1010,500.0,1366.2093505859375,716.7965087890625
1011,500.0,1099.5589599609375,650.5526123046875
1012,500.0,1265.6724853515625,656.7973022460938
1013,500.0,563.3056030273438,583.5703735351562
1014,500.0,1484.077880859375,600.2905883789062
1015,500.0,1281.05615234375,589.187744140625
1016,500.0,992.9847412109375,616.5037841796875
1017,500.0,1040.135986328125,691.495849609375
1018,500.0,1272.9781494140625,586.5358276367188
1019,500.0,1002.1766357421875,639.8018798828125
1020,500.0,658.8544311523438,579.2916870117188
1021,500.0,1223.1597900390625,697.8932495117188
1022,500.0,1209.3096923828125,626.9723510742188
1023,500.0,1393.2862548828125,627.8278198242188
1024,447.0,-108.26234436035156,751.4812622070312
1025,500.0,1036.8067626953125,631.1803588867188
1026,500.0,1244.6805419921875,641.0209350585938
1027,500.0,1106.1151123046875,584.624267578125
1028,500.0,520.47705078125,646.544921875
1029,500.0,784.1593627929688,697.385986328125
1030,500.0,1196.9608154296875,606.4630126953125
1031,500.0,1108.714599609375,685.7420654296875
1032,453.0,-474.5794372558594,696.3038940429688
1033,500.0,1162.0079345703125,603.5015258789062
1034,500.0,898.6547241210938,558.1515502929688
1035,500.0,797.9361572265625,614.6532592773438
1036,500.0,1653.2421875,559.520263671875
1037,500.0,1315.1378173828125,591.3282470703125
1038,500.0,935.4518432617188,593.228515625
1039,500.0,1870.579345703125,612.2306518554688
1040,500.0,1145.7069091796875,614.2948608398438
1041,500.0,861.9273071289062,621.2001342773438
1042,393.0,-717.5816650390625,762.4984130859375
1043,500.0,1257.1666259765625,636.5537719726562
1044,500.0,708.9083862304688,714.0146484375
1045,500.0,1544.4283447265625,617.8102416992188
1046,500.0,981.8946533203125,610.9312133789062
1047,500.0,1041.07470703125,639.951171875
1048,156.0,-2352.1025390625,1109.7681884765625
1049,500.0,686.5381469726562,591.9503784179688
1050,500.0,1247.007080078125,659.3302612304688
1051,500.0,1140.341064453125,609.0205078125
1052,500.0,1067.5416259765625,600.1732788085938
1053,500.0,1184.634033203125,579.926513671875
1054,500.0,1446.674072265625,645.5062255859375
1055,500.0,973.7679443359375,552.4237670898438
1056,410.0,-169.76788330078125,690.1148071289062
1057,500.0,388.8021240234375,659.8682861328125
1058,500.0,1532.38330078125,589.5779418945312
1059,500.0,1065.037841796875,579.0112915039062
1060,500.0,595.4769897460938,596.8826904296875
1061,500.0,1468.728759765625,573.580322265625
1062,500.0,1464.0059814453125,600.9642944335938
1063,365.0,-235.94070434570312,659.0493774414062
1064,500.0,1491.3541259765625,624.2125244140625
1065,500.0,1156.5194091796875,562.87646484375
1066,500.0,1417.178955078125,597.677001953125
1067,500.0,581.9682006835938,556.9531860351562
1068,500.0,1419.6173095703125,577.79541015625
1069,500.0,1647.87939453125,566.9568481445312
1070,500.0,1418.544189453125,629.1461791992188
1071,500.0,1207.873046875,546.0462646484375
1072,500.0,1320.026611328125,622.0337524414062
1073,500.0,794.2412719726562,556.089111328125
1074,500.0,1130.407470703125,597.612060546875
1075,475.0,290.50518798828125,540.975341796875
1076,341.0,-906.6875,633.447021484375
1077,500.0,1266.9559326171875,562.989013671875
1078,500.0,1390.9620361328125,591.048583984375
1079,256.0,-1550.1141357421875,688.8261108398438
1080,500.0,1549.8604736328125,536.7713623046875
1081,384.0,-376.4647216796875,623.0986328125
1082,500.0,1130.30908203125,618.094970703125
1083,364.0,-282.3560791015625,623.35107421875
1084,500.0,1339.36962890625,557.9823608398438
1085,500.0,768.3807983398438,547.1390380859375
1086,500.0,726.4635009765625,566.7835693359375
1087,500.0,1231.97021484375,540.9957275390625
1088,500.0,759.40576171875,516.3209838867188
1089,500.0,1157.9801025390625,510.1846008300781
1090,500.0,1291.0462646484375,529.9009399414062
1091,405.0,63.04624938964844,613.2943115234375
1092,288.0,-1285.8260498046875,661.2803955078125
1093,500.0,989.8226928710938,554.2373657226562
1094,500.0,1124.9063720703125,527.1632080078125
1095,500.0,837.8165893554688,606.8588256835938
1096,417.0,552.2981567382812,627.1441040039062
1097,460.0,1216.48095703125,528.4476928710938
1098,489.0,1866.282958984375,568.6634521484375
1099,500.0,1329.327880859375,585.294677734375
1100,500.0,1435.9521484375,611.9175415039062
1101,500.0,1293.955810546875,520.4110107421875
1102,500.0,721.517333984375,537.005859375
1103,500.0,1166.1160888671875,568.300048828125
1104,500.0,431.42535400390625,575.535888671875
1105,500.0,689.5504150390625,506.81817626953125
1106,500.0,579.9898071289062,598.6691284179688
1107,304.0,-662.1168212890625,574.4835815429688
1108,500.0,137.6014404296875,625.2518920898438
1109,500.0,124.87896728515625,501.1609191894531
1110,500.0,-177.7235565185547,658.0320434570312
1111,500.0,842.7696533203125,519.603271484375
1112,500.0,736.2064819335938,460.10308837890625
1113,500.0,127.79242706298828,652.6251220703125
1114,500.0,504.6177062988281,532.970703125
1115,500.0,358.8587341308594,686.8413696289062
1116,500.0,62.08253479003906,600.5304565429688
1117,500.0,-99.08805847167969,655.120361328125
1118,500.0,357.22308349609375,499.6157531738281
1119,500.0,774.868408203125,599.5606079101562
1120,500.0,317.7353210449219,603.6997680664062
1121,500.0,1714.9329833984375,483.99981689453125
1122,500.0,1152.6976318359375,617.9386596679688
1123,500.0,434.4303283691406,615.8197021484375
1124,500.0,907.606201171875,599.4933471679688
1125,500.0,772.9146118164062,565.2003784179688
1126,500.0,802.2976684570312,609.90966796875
1127,500.0,614.51025390625,478.54107666015625
1128,500.0,110.03208923339844,636.6326293945312
1129,500.0,489.25799560546875,484.6263122558594
1130,500.0,614.234130859375,690.8875732421875
1131,500.0,26.624797821044922,611.025390625
1132,500.0,-501.0330810546875,666.3307495117188
1133,500.0,276.8506164550781,590.5465087890625
1134,500.0,317.4052429199219,634.1008911132812
1135,500.0,584.1598510742188,647.264404296875
1136,500.0,1347.97802734375,529.6266479492188
1137,500.0,785.8037109375,528.473876953125
1138,500.0,52.90444564819336,611.5170288085938
1139,500.0,351.26629638671875,625.421142578125
1140,500.0,-119.6397476196289,642.8154907226562
1141,500.0,-429.10980224609375,638.28076171875
1142,500.0,611.4786987304688,616.7556762695312
1143,500.0,316.366455078125,569.6610107421875
1144,500.0,1103.4384765625,563.0902099609375
1145,500.0,384.515869140625,601.8466796875
1146,500.0,706.1114501953125,589.379150390625
1147,500.0,-235.83790588378906,596.3020629882812
1148,494.0,-471.712646484375,618.5918579101562
1149,500.0,256.471923828125,581.6057739257812
1150,500.0,509.60357666015625,578.8702392578125
1151,500.0,151.24465942382812,769.33740234375
1152,500.0,726.7984619140625,581.781494140625
1153,500.0,1.8875274658203125,609.5122680664062
1154,325.0,-1812.950439453125,712.0383911132812
1155,500.0,-316.85284423828125,535.5568237304688
1156,500.0,-184.91006469726562,586.7291870117188
1157,500.0,-476.2729187011719,662.0015258789062
1158,500.0,598.1829223632812,568.251708984375
1159,500.0,154.08584594726562,663.7692260742188
1160,500.0,588.1764526367188,655.54150390625
1161,500.0,-715.7967529296875,661.466552734375
1162,500.0,-260.02874755859375,604.0732421875
1163,500.0,-411.583740234375,614.771484375
1164,500.0,-351.98944091796875,676.7887573242188
1165,500.0,456.08660888671875,652.126953125
1166,282.0,-2360.13134765625,981.1688842773438
1167,500.0,413.96514892578125,505.7450256347656
1168,500.0,-36.1471061706543,624.745361328125
1169,500.0,311.21710205078125,622.765380859375
1170,500.0,652.6939697265625,644.5293579101562
1171,500.0,-292.26739501953125,625.9984741210938
1172,500.0,237.45193481445312,477.1143798828125
1173,500.0,354.4337463378906,607.7999267578125
1174,500.0,-211.68019104003906,583.7008056640625
1175,500.0,446.06927490234375,624.4412231445312
1176,500.0,554.6220092773438,558.4164428710938
1177,500.0,-375.648681640625,717.482666015625
1178,500.0,-309.1772155761719,692.9306640625
1179,500.0,185.15440368652344,608.597412109375
1180,500.0,-508.5739440917969,637.4745483398438
1181,500.0,255.9590301513672,577.9937133789062
1182,500.0,-143.54385375976562,552.19384765625
1183,500.0,-6.304592132568359,736.8682250976562
1184,500.0,-556.7353515625,605.285888671875
1185,500.0,506.3798828125,622.193359375
1186,500.0,231.28909301757812,513.8526000976562
1187,500.0,230.53213500976562,714.9337158203125
1188,500.0,24.648910522460938,567.7025756835938
1189,500.0,861.1015625,548.0194091796875
1190,500.0,-241.985595703125,628.0587158203125
1191,500.0,770.741455078125,559.6852416992188
1192,500.0,-441.756103515625,659.324462890625
1193,500.0,-392.8087158203125,615.6838989257812
1194,500.0,-109.25639343261719,643.7017822265625
1195,500.0,38.383934020996094,621.858642578125
1196,500.0,-546.8558349609375,691.52197265625
1197,500.0,-379.82196044921875,683.4458618164062
1198,500.0,658.4242553710938,653.3051147460938
1199,500.0,-392.3378601074219,696.6204833984375
1200,500.0,-43.785736083984375,591.1229248046875
1201,500.0,-263.3720397949219,645.904541015625
1202,500.0,-63.52482604980469,669.720458984375
1203,500.0,-225.59915161132812,638.23486328125
1204,500.0,-271.6625061035156,599.8590698242188
1205,500.0,748.5433349609375,681.8627319335938
1206,500.0,-386.88214111328125,614.6694946289062
1207,500.0,628.2241821289062,651.9509887695312
1208,500.0,-689.6149291992188,655.738037109375
1209,500.0,-738.5240478515625,650.1513671875
1210,500.0,-1229.213134765625,757.882080078125
1211,500.0,-191.89321899414062,806.0108642578125
1212,500.0,-177.94183349609375,678.806396484375
1213,500.0,-426.2918395996094,603.1258544921875
1214,500.0,-424.69635009765625,575.046875
1215,500.0,-61.07127380371094,623.7598876953125
1216,500.0,1119.293701171875,663.1950073242188
1217,500.0,-104.29710388183594,674.4000854492188
1218,500.0,-558.1060791015625,651.4764404296875
1219,500.0,-719.0264892578125,627.91259765625
1220,500.0,-124.59549713134766,643.2189331054688
1221,500.0,362.95623779296875,600.4608154296875
1222,500.0,7.698448181152344,572.9813842773438
1223,500.0,-320.42816162109375,653.8085327148438
1224,500.0,193.96713256835938,567.6470947265625
1225,500.0,20.445220947265625,602.6267700195312
1226,500.0,325.1015930175781,578.2552490234375
1227,500.0,776.110595703125,603.8364868164062
1228,500.0,383.8323059082031,580.0835571289062
1229,500.0,74.10723876953125,528.184326171875
1230,402.0,-684.38134765625,665.3050537109375
1231,500.0,-135.1693115234375,594.2077026367188
1232,500.0,-175.63282775878906,597.5941162109375
1233,500.0,914.9166259765625,543.1826171875
1234,500.0,850.2633056640625,602.48779296875
1235,500.0,217.5291290283203,565.0308837890625
1236,500.0,488.8446960449219,567.2554931640625
1237,500.0,772.0275268554688,624.3860473632812
1238,500.0,264.33416748046875,613.1014404296875
1239,500.0,-385.41741943359375,634.8834838867188
1240,500.0,-86.2322998046875,642.5556030273438
1241,500.0,124.65497589111328,576.9332275390625
1242,500.0,97.12646484375,644.5723876953125
1243,500.0,683.4505004882812,523.4464721679688
1244,500.0,-385.4649353027344,633.3751220703125
1245,500.0,53.91437530517578,561.2012329101562
1246,500.0,-516.0017700195312,654.8823852539062
1247,500.0,-623.5640869140625,624.7640991210938
1248,500.0,532.8878784179688,609.1071166992188
1249,500.0,100.47720336914062,596.2229614257812
1250,500.0,-521.9386596679688,610.3496704101562
1251,500.0,83.60908508300781,596.4970092773438
1252,500.0,230.01414489746094,539.2713623046875
1253,500.0,-95.43669128417969,581.9072265625
1254,500.0,270.55096435546875,614.4158935546875
1255,500.0,-330.6673583984375,686.6206665039062
1256,500.0,-135.87313842773438,509.542724609375
1257,500.0,310.2456970214844,640.4808959960938
1258,460.0,-2171.170166015625,858.0449829101562
1259,500.0,-416.4112548828125,586.1146240234375
1260,500.0,307.302734375,557.310546875
1261,500.0,-542.0285034179688,629.57958984375
1262,500.0,378.9437561035156,568.5423583984375
1263,500.0,-342.6175842285156,618.4288330078125
1264,500.0,-186.81141662597656,627.4923095703125
1265,500.0,492.5771179199219,638.31591796875
1266,500.0,-105.63867950439453,551.327392578125
1267,500.0,-108.35103607177734,603.6195068359375
1268,500.0,315.60198974609375,630.8417358398438
1269,500.0,-288.4189453125,677.8927612304688
1270,500.0,-22.039783477783203,602.1179809570312
1271,500.0,463.76446533203125,607.8955078125
1272,500.0,-1179.680419921875,783.0093994140625
1273,500.0,-555.5712890625,649.0293579101562
1274,500.0,507.9877624511719,598.9461059570312
1275,500.0,88.1729965209961,601.0750122070312
1276,500.0,-136.56842041015625,581.3794555664062
1277,500.0,386.0599060058594,623.5059814453125
1278,500.0,125.421875,614.06396484375
1279,500.0,248.14096069335938,627.4984130859375
1280,500.0,-335.5438537597656,631.0720825195312
1281,500.0,338.138916015625,579.2962036132812
1282,500.0,49.80866622924805,682.2710571289062
1283,500.0,-120.5472412109375,569.0607299804688
1284,500.0,-0.7454071044921875,578.560791015625
1285,500.0,1079.3111572265625,563.7655029296875
1286,500.0,-442.7290344238281,598.212890625
1287,500.0,-161.1074676513672,598.5388793945312
1288,500.0,93.1746826171875,628.3447265625
1289,500.0,25.55419921875,572.985595703125
1290,500.0,129.23931884765625,585.1605224609375
1291,500.0,-102.09122467041016,621.2847290039062
1292,500.0,141.2655029296875,630.9549560546875
1293,500.0,408.29339599609375,605.0130615234375
1294,500.0,65.41650390625,641.91748046875
1295,500.0,164.49420166015625,620.7843017578125
1296,500.0,-230.42803955078125,656.1275634765625
1297,500.0,360.7715759277344,618.1290283203125
1298,500.0,30.330371856689453,629.295166015625
1299,500.0,144.64248657226562,661.8291625976562
1300,500.0,8.8343505859375,639.7493286132812
1301,305.0,-2370.70166015625,863.4093017578125
1302,500.0,300.9129638671875,573.0232543945312
1303,500.0,-133.2091064453125,634.9952392578125
1304,500.0,18.240501403808594,600.4580688476562
1305,500.0,-6.6738739013671875,587.012451171875
1306,500.0,403.0105285644531,604.2637939453125
1307,500.0,-183.71527099609375,582.9564208984375
1308,500.0,-370.44781494140625,578.4562377929688
1309,500.0,668.9837646484375,566.0404052734375
1310,500.0,-190.1141815185547,626.2061767578125
1311,500.0,193.44773864746094,588.5344848632812
1312,500.0,-463.18408203125,646.4285278320312
1313,500.0,480.989013671875,598.097900390625
1314,500.0,488.5585021972656,551.9051513671875
1315,500.0,-577.520751953125,658.629150390625
1316,500.0,257.4874267578125,630.4793090820312
1317,500.0,-46.38917541503906,615.8590087890625
1318,500.0,150.18228149414062,625.0465698242188
1319,500.0,238.09735107421875,617.9286499023438
1320,500.0,116.54454040527344,588.1787719726562
1321,500.0,378.643798828125,599.5659790039062
1322,500.0,392.6187438964844,624.137451171875
1323,500.0,617.2817993164062,551.786376953125
1324,500.0,60.912113189697266,584.608642578125
1325,500.0,-119.46540069580078,583.6297607421875
1326,500.0,309.24285888671875,620.5693969726562
1327,500.0,397.91265869140625,630.145263671875
1328,500.0,590.535400390625,572.1683349609375
1329,500.0,241.88934326171875,601.6507568359375
1330,500.0,52.91163635253906,596.7954711914062
1331,500.0,463.7438659667969,606.8179931640625
1332,500.0,966.6029052734375,614.1927490234375
1333,500.0,-38.041107177734375,597.4683837890625
1334,500.0,433.75933837890625,654.6127319335938
1335,500.0,374.2156982421875,605.7254638671875
1336,500.0,283.2226257324219,575.5028076171875
1337,500.0,253.27256774902344,555.5800170898438
1338,500.0,301.1677551269531,548.6832275390625
1339,500.0,105.39602661132812,600.0810546875
1340,500.0,22.083396911621094,601.4187622070312
1341,500.0,181.705078125,657.4563598632812
1342,500.0,-117.70843505859375,632.3626098632812
1343,500.0,375.35638427734375,609.1058959960938
1344,500.0,62.326080322265625,520.6220092773438
1345,500.0,59.14313507080078,657.1123657226562
1346,500.0,-37.72149658203125,599.2979125976562
1347,500.0,409.56756591796875,594.1321411132812
1348,500.0,18.665023803710938,549.7039184570312
1349,500.0,-7.114704132080078,607.1473999023438
1350,500.0,98.34611511230469,602.2449951171875
1351,500.0,325.0567626953125,603.26123046875
1352,500.0,289.8728332519531,572.9078979492188
1353,500.0,-268.7945861816406,650.7269287109375
1354,500.0,163.10812377929688,692.877197265625
1355,500.0,165.64907836914062,604.7416381835938
1356,500.0,160.21002197265625,636.0579223632812
1357,500.0,-384.9374694824219,641.4052124023438
1358,500.0,-980.6878662109375,648.0971069335938
1359,500.0,-63.57853317260742,594.0770263671875
1360,500.0,86.32247924804688,616.5003051757812
1361,500.0,-385.3785705566406,639.7662353515625
1362,500.0,-328.52325439453125,668.6264038085938
1363,500.0,-122.10667419433594,612.9935913085938
1364,500.0,-532.9410400390625,644.9713745117188
1365,500.0,-583.0409545898438,685.9429931640625
1366,500.0,-361.2057189941406,689.5758666992188
1367,500.0,-265.54071044921875,654.1178588867188
1368,500.0,-777.38232421875,614.0231323242188
1369,500.0,-147.00283813476562,647.7027587890625
1370,339.0,-2089.644775390625,761.5109252929688
1371,500.0,-667.825439453125,688.90478515625
1372,500.0,-418.74163818359375,694.9210205078125
1373,500.0,-366.06787109375,790.4884033203125
1374,500.0,-876.1327514648438,695.9782104492188
1375,500.0,-720.8508911132812,700.4573974609375
1376,500.0,-438.11083984375,632.8357543945312
1377,500.0,-211.90098571777344,666.4548950195312
1378,500.0,378.5242919921875,676.7157592773438
1379,500.0,-336.84149169921875,612.0631713867188
1380,500.0,-619.086669921875,638.472412109375
1381,500.0,-762.0455932617188,668.1447143554688
1382,500.0,-124.17623901367188,625.5071411132812
1383,500.0,-230.6099090576172,628.3441772460938
1384,500.0,-591.18505859375,717.9911499023438
1385,500.0,-390.41265869140625,655.3643798828125
1386,500.0,-599.6795654296875,694.5410766601562
1387,500.0,-284.77874755859375,630.86865234375
1388,500.0,-132.79296875,638.0728149414062
1389,500.0,-714.0614624023438,639.8795166015625
1390,500.0,-36.04878234863281,658.722900390625
1391,500.0,2.2521133422851562,648.4022216796875
1392,500.0,-161.08865356445312,648.5571899414062
1393,500.0,-439.95574951171875,662.5352783203125
1394,500.0,-134.83279418945312,637.552001953125
1395,500.0,-180.5448760986328,625.0440673828125
1396,500.0,212.4755401611328,620.847900390625
1397,500.0,-200.98867797851562,653.5713500976562
1398,500.0,-263.55145263671875,628.077392578125
1399,500.0,233.28965759277344,611.8239135742188
1400,500.0,-155.36814880371094,640.7055053710938
1401,500.0,31.46500015258789,634.4808959960938
1402,500.0,-376.03839111328125,646.1757202148438
1403,500.0,162.6322479248047,603.22900390625
1404,500.0,-451.1070556640625,661.6685791015625
1405,497.0,-141.5511016845703,681.9490966796875
1406,500.0,-139.76295471191406,640.9786376953125
1407,500.0,535.916259765625,602.1254272460938
1408,500.0,173.6338653564453,605.8129272460938
1409,377.0,-1584.2960205078125,823.5449829101562
1410,500.0,7.070648193359375,624.2835693359375
1411,500.0,-108.57901000976562,625.3562622070312
1412,500.0,267.47802734375,619.0267333984375
1413,500.0,411.0794372558594,611.8905029296875
1414,448.0,-712.9774169921875,728.4586791992188
1415,500.0,86.94424438476562,615.1704711914062
1416,500.0,497.71575927734375,609.3515014648438
1417,500.0,438.0823669433594,608.7529907226562
1418,500.0,415.0579833984375,625.223876953125
1419,337.0,-1379.9830322265625,788.2747802734375
1420,500.0,360.947265625,628.76416015625
1421,44.0,-2162.05517578125,3715.821044921875
1422,429.0,-446.7066650390625,679.8779907226562
1423,500.0,407.40362548828125,602.6194458007812
1424,500.0,731.4097900390625,592.9263305664062
1425,500.0,681.8766479492188,597.8193969726562
1426,500.0,558.644287109375,616.7064819335938
1427,500.0,535.45458984375,590.468017578125
1428,500.0,692.1092529296875,604.983154296875
1429,500.0,431.9867248535156,584.5751953125
1430,500.0,552.4215087890625,598.748046875
1431,500.0,423.87176513671875,612.1759643554688
1432,500.0,564.8971557617188,586.5438232421875
1433,500.0,361.48590087890625,597.6466674804688
1434,500.0,1004.5570068359375,598.4291381835938
1435,500.0,639.6907958984375,588.4817504882812
1436,500.0,750.548095703125,587.61572265625
1437,500.0,851.3699340820312,641.0997314453125
1438,500.0,689.9197998046875,587.5799560546875
1439,500.0,716.0692138671875,612.78271484375
1440,500.0,751.0531616210938,577.0284423828125
1441,500.0,846.0546875,601.9296264648438
1442,500.0,323.1889953613281,627.1996459960938
1443,500.0,745.90478515625,582.5570678710938
1444,500.0,565.0890502929688,582.7413940429688
1445,500.0,850.8246459960938,573.9060668945312
1446,500.0,501.3018798828125,614.3008422851562
1447,500.0,318.5455322265625,597.2294311523438
1448,500.0,447.4177551269531,601.21875
1449,500.0,568.8731079101562,587.3037719726562
1450,500.0,514.38916015625,596.9053344726562
1451,500.0,718.5234375,590.1876220703125
1452,500.0,660.863525390625,612.27001953125
1453,500.0,479.25762939453125,611.07177734375
1454,500.0,163.43606567382812,613.916015625
1455,500.0,656.1812133789062,602.5406494140625
1456,500.0,873.0645751953125,597.0128173828125
1457,500.0,594.5657958984375,588.4459838867188
1458,500.0,532.2205810546875,610.1845703125
1459,497.0,330.86358642578125,631.5966796875
1460,500.0,341.19000244140625,599.2520751953125
1461,500.0,686.3737182617188,578.3086547851562
1462,500.0,270.71966552734375,596.5616455078125
1463,500.0,461.6610107421875,590.1947631835938
1464,500.0,804.4977416992188,584.7199096679688
1465,500.0,805.2042236328125,572.796142578125
1466,500.0,542.5499877929688,588.0885620117188
1467,500.0,422.06304931640625,576.8914794921875
1468,500.0,527.8068237304688,560.2453002929688
1469,500.0,632.3704833984375,579.3731079101562
1470,500.0,673.8898315429688,580.35791015625
1471,500.0,552.9510498046875,586.4486083984375
1472,500.0,424.5550537109375,575.201171875
1473,500.0,1104.08984375,570.9728393554688
1474,500.0,650.5655517578125,584.4727783203125
1475,500.0,198.83782958984375,602.0361328125
1476,500.0,224.2926788330078,585.3036499023438
1477,500.0,435.1668701171875,578.0795288085938
1478,500.0,640.395263671875,561.4348754882812
1479,500.0,421.5060729980469,588.0214233398438
1480,500.0,248.09124755859375,585.7286987304688
1481,500.0,411.2462158203125,596.5040893554688
1482,500.0,637.878173828125,579.9420776367188
1483,500.0,898.4444580078125,564.934326171875
1484,500.0,1037.2108154296875,569.9500732421875
1485,500.0,626.3929443359375,560.2989501953125
1486,500.0,895.1505737304688,547.7757568359375
1487,500.0,566.9132080078125,611.9625244140625
1488,500.0,544.367431640625,585.8150024414062
1489,500.0,739.9332275390625,632.466796875
1490,500.0,685.1887817382812,571.8057250976562
1491,500.0,767.6368408203125,597.4132080078125
1492,500.0,591.0872192382812,598.807861328125
1493,500.0,479.53387451171875,591.6156005859375
1494,500.0,444.2647399902344,603.5648193359375
1495,500.0,464.4641418457031,583.9061889648438
1496,500.0,881.27392578125,562.8048706054688
1497,500.0,1003.0458984375,589.967529296875
1498,500.0,654.1334228515625,575.1785278320312
1499,447.0,-374.62823486328125,605.0289916992188
1500,500.0,299.6209716796875,535.3283081054688
1501,500.0,856.443603515625,579.3787841796875
1502,500.0,749.316650390625,548.2645263671875
1503,500.0,653.7511596679688,563.9760131835938
1504,500.0,658.2158203125,543.1429443359375
1505,500.0,427.68695068359375,594.0558471679688
1506,500.0,737.1770629882812,591.4149169921875
1507,500.0,635.3215942382812,558.688232421875
1508,500.0,854.010009765625,531.4005126953125
1509,500.0,511.71441650390625,592.4093017578125
1510,500.0,466.6297607421875,568.6883544921875
1511,500.0,542.65673828125,536.0492553710938
1512,500.0,616.303466796875,543.0842895507812
1513,500.0,684.2747192382812,577.4649047851562
1514,500.0,750.5152587890625,537.0756225585938
1515,500.0,-19.152511596679688,572.4884643554688
1516,500.0,319.6247863769531,601.1998291015625
1517,500.0,-88.08689880371094,605.7874145507812
1518,500.0,224.5287628173828,613.530029296875
1519,500.0,797.0438842773438,574.8159790039062
1520,500.0,518.6655883789062,585.2794799804688
1521,500.0,-66.21467590332031,564.8270263671875
1522,500.0,318.2022705078125,579.9667358398438
1523,500.0,68.15890502929688,532.4679565429688
1524,500.0,214.936279296875,633.668212890625
1525,500.0,541.2940063476562,534.9576416015625
1526,500.0,303.090576171875,584.7171020507812
1527,500.0,446.33831787109375,569.8536987304688
1528,500.0,278.4708251953125,601.9085693359375
1529,500.0,795.534423828125,552.9525756835938
1530,500.0,467.1477355957031,568.5790405273438
1531,500.0,563.6832275390625,522.9654541015625
1532,500.0,730.6277465820312,573.9222412109375
1533,500.0,216.7710723876953,522.8117065429688
1534,500.0,1097.72412109375,551.6588134765625
1535,500.0,704.5895385742188,518.9549560546875
1536,500.0,965.2904052734375,543.1537475585938
1537,500.0,592.1154174804688,603.3115234375
1538,500.0,416.1134948730469,548.065185546875
1539,500.0,620.5888671875,569.7247314453125
1540,500.0,768.9215087890625,549.2872314453125
1541,500.0,791.2830200195312,541.56005859375
1542,500.0,370.494140625,518.1099243164062
1543,500.0,137.86492919921875,542.7528686523438
1544,500.0,637.44970703125,567.1701049804688
1545,500.0,471.3624572753906,539.2341918945312
1546,500.0,671.2620849609375,486.9875793457031
1547,500.0,877.2559814453125,504.19561767578125
1548,500.0,1394.125732421875,548.0537109375
1549,500.0,1046.222412109375,576.6052856445312
1550,500.0,685.0180053710938,578.619384765625
1551,500.0,1010.747314453125,474.3443298339844
1552,500.0,605.8294067382812,553.2022705078125
1553,500.0,803.1277465820312,507.613037109375
1554,500.0,683.494140625,550.7015991210938
1555,500.0,1110.6121826171875,540.0238037109375
1556,500.0,608.6752319335938,500.44366455078125
1557,500.0,1239.2882080078125,508.5558166503906
1558,500.0,804.7190551757812,506.96942138671875
1559,500.0,759.3311157226562,497.6064147949219
1560,500.0,856.4788818359375,492.02911376953125
1561,500.0,1104.289306640625,524.4805908203125
1562,500.0,979.9684448242188,535.675048828125
1563,500.0,1007.2340087890625,540.098876953125
1564,500.0,-315.9087219238281,513.6917114257812
1565,500.0,679.5807495117188,482.5400085449219
1566,500.0,1212.313232421875,535.9651489257812
1567,500.0,563.15478515625,568.7534790039062
1568,500.0,743.510009765625,553.1973876953125
1569,500.0,153.9637908935547,551.6556396484375
1570,500.0,279.4183349609375,506.90936279296875
1571,500.0,-50.89701843261719,513.4575805664062
1572,500.0,684.8474731445312,489.58270263671875
1573,500.0,688.91748046875,490.5782165527344
1574,500.0,1348.233642578125,511.6416931152344
1575,500.0,1115.08447265625,531.3072509765625
1576,500.0,810.71826171875,453.90887451171875
1577,500.0,533.6385498046875,467.1916198730469
1578,500.0,478.5280456542969,555.7177734375
1579,500.0,1436.411376953125,485.5320739746094
1580,500.0,1529.8670654296875,444.1994934082031
1581,500.0,71.95538330078125,482.1412353515625
1582,500.0,1756.9615478515625,515.9005126953125
1583,420.0,-493.9053649902344,438.09210205078125
1584,500.0,629.7084350585938,475.1733093261719
1585,500.0,930.9165649414062,494.4372253417969
1586,500.0,1084.1954345703125,540.9161987304688
1587,500.0,993.4246826171875,474.5393371582031
1588,500.0,931.8189697265625,495.0733947753906
1589,500.0,813.585693359375,488.7357482910156
1590,500.0,527.468994140625,494.3114013671875
1591,500.0,1186.0682373046875,434.28717041015625
1592,500.0,475.01422119140625,483.98162841796875
1593,500.0,1003.89208984375,483.568603515625
1594,500.0,-294.2388916015625,535.9483642578125
1595,500.0,1132.031982421875,422.44268798828125
1596,500.0,459.57427978515625,556.235107421875
1597,500.0,952.45849609375,447.5451354980469
1598,500.0,9.799339294433594,456.8740539550781
1599,500.0,1473.960693359375,479.8582763671875
1600,500.0,1.5766639709472656,436.3996276855469
1601,500.0,1394.4190673828125,459.9495849609375
1602,500.0,1178.3709716796875,431.7487487792969
1603,500.0,1129.329833984375,472.840576171875
1604,500.0,940.2127685546875,480.2257385253906
1605,500.0,1334.8779296875,437.5481262207031
1606,500.0,1178.065185546875,542.5346069335938
1607,500.0,734.395751953125,569.9112548828125
1608,500.0,297.7652282714844,525.30029296875
1609,500.0,921.1983642578125,428.4570617675781
1610,500.0,824.4089965820312,444.804443359375
1611,500.0,588.0286254882812,485.6606750488281
1612,500.0,640.6876220703125,609.2003784179688
1613,500.0,-1184.4437255859375,595.3323974609375
1614,500.0,68.71392059326172,529.832763671875
1615,500.0,-2.6754837036132812,474.7099914550781
1616,500.0,235.83377075195312,503.9728088378906
1617,500.0,447.3006591796875,466.486572265625
1618,500.0,1368.8970947265625,465.76605224609375
1619,500.0,515.1573486328125,515.0418701171875
1620,500.0,1252.019287109375,541.8512573242188
1621,500.0,677.4654541015625,501.4477233886719
1622,500.0,250.24081420898438,551.6568603515625
1623,500.0,24.24444580078125,473.2174072265625
1624,500.0,781.836181640625,410.3716735839844
1625,500.0,1216.28857421875,529.543212890625
1626,500.0,178.93788146972656,453.34942626953125
1627,500.0,459.44921875,561.547607421875
1628,500.0,773.3297119140625,414.15679931640625
1629,500.0,1054.701171875,559.5232543945312
1630,500.0,915.1456298828125,482.1775817871094
1631,500.0,912.2764892578125,487.66925048828125
1632,500.0,-43.53371047973633,481.240966796875
1633,500.0,1050.4915771484375,509.8806457519531
1634,500.0,426.1615905761719,477.8061828613281
1635,500.0,1290.1583251953125,548.7522583007812
1636,500.0,851.188720703125,480.86419677734375
1637,500.0,1405.130126953125,434.29296875
1638,500.0,599.6514892578125,402.03125
1639,500.0,513.962890625,576.595703125
1640,500.0,301.8387145996094,458.39190673828125
1641,500.0,1156.697998046875,456.8928527832031
1642,500.0,704.3076171875,538.1498413085938
1643,500.0,-93.26051330566406,420.255615234375
1644,500.0,538.62451171875,477.4617919921875
1645,500.0,-957.7257690429688,562.4367065429688
1646,500.0,356.5146179199219,547.09033203125
1647,500.0,411.336181640625,476.819091796875
1648,500.0,655.4610595703125,456.5006103515625
1649,500.0,233.47055053710938,361.4830627441406
1650,500.0,980.9569091796875,591.3340454101562
1651,500.0,366.7779541015625,587.7733764648438
1652,481.0,-130.458984375,672.7378540039062
1653,500.0,1367.1429443359375,489.0928039550781
1654,500.0,1217.39990234375,543.4654541015625
1655,500.0,157.8182373046875,584.203369140625
1656,500.0,822.7160034179688,475.9920349121094
1657,500.0,15.04536247253418,468.82073974609375
1658,500.0,171.12147521972656,503.7796936035156
1659,500.0,446.4584655761719,390.26373291015625
1660,500.0,1003.8367919921875,564.3985595703125
1661,500.0,706.205078125,439.7262878417969
1662,500.0,342.89556884765625,483.0944519042969
1663,500.0,1041.387939453125,574.1396484375
1664,500.0,930.9916381835938,429.72125244140625
1665,500.0,482.0269775390625,484.38372802734375
1666,331.0,-1919.170166015625,698.7509765625
1667,500.0,-569.687744140625,538.2055053710938
1668,500.0,-209.1262664794922,612.5831909179688
1669,500.0,232.1237335205078,586.0521850585938
1670,500.0,-269.91552734375,470.6454162597656
1671,500.0,-489.9446105957031,567.1912841796875
1672,500.0,412.7984619140625,564.0175170898438
1673,500.0,43.6822624206543,527.9605102539062
1674,500.0,195.1304931640625,621.0565185546875
1675,500.0,9.934730529785156,548.1054077148438
1676,500.0,-447.78662109375,498.215576171875
1677,500.0,70.46512603759766,476.9334716796875
1678,500.0,-542.5148315429688,516.8887939453125
1679,500.0,-773.0344848632812,538.2079467773438
1680,500.0,-371.8466796875,528.7897338867188
1681,500.0,-826.1168212890625,547.7135009765625
1682,500.0,509.626953125,442.0147399902344
1683,500.0,-1374.89501953125,621.1224975585938
1684,500.0,-973.7410278320312,590.0206909179688
1685,500.0,-64.45928955078125,543.6446533203125
1686,500.0,471.978759765625,541.5570678710938
1687,500.0,368.01959228515625,448.0738830566406
1688,500.0,963.92626953125,474.2315368652344
1689,500.0,213.13330078125,539.1275024414062
1690,500.0,-13.604316711425781,607.6470947265625
1691,500.0,1013.368408203125,379.5779724121094
1692,500.0,-59.92973327636719,397.4283447265625
1693,500.0,809.7272338867188,547.109375
1694,500.0,237.57110595703125,609.316162109375
1695,500.0,-3.3767013549804688,489.0805969238281
1696,500.0,-1079.16552734375,460.1148986816406
1697,500.0,-426.6383056640625,502.1895751953125
1698,500.0,855.4896240234375,505.07550048828125
1699,500.0,973.4146728515625,512.2990112304688
1700,500.0,182.33230590820312,471.15771484375
1701,500.0,-77.61819458007812,466.3297424316406
1702,500.0,99.74244689941406,577.8859252929688
1703,500.0,-844.2679443359375,566.0587768554688
1704,500.0,769.2568359375,579.1956176757812
1705,500.0,-687.6199951171875,418.3793029785156
1706,500.0,59.3157844543457,566.124755859375
1707,500.0,429.12677001953125,513.0232543945312
1708,500.0,1049.513916015625,428.81072998046875
1709,500.0,1204.86328125,510.202392578125
1710,500.0,51.920135498046875,440.2695007324219
1711,500.0,612.2120361328125,525.040771484375
1712,500.0,200.17245483398438,496.69464111328125
1713,500.0,50.246543884277344,525.4595947265625
1714,500.0,883.889404296875,457.896240234375
1715,500.0,376.86053466796875,388.9644470214844
1716,500.0,-149.8775177001953,491.4189147949219
1717,500.0,703.9019775390625,462.7412109375
1718,500.0,-128.1944580078125,556.0511474609375
1719,500.0,391.20855712890625,423.8959655761719
1720,500.0,-242.70501708984375,513.409912109375
1721,500.0,514.8379516601562,501.1777038574219
1722,500.0,349.7328186035156,531.8703002929688
1723,500.0,102.05872344970703,435.95587158203125
1724,500.0,872.0446166992188,554.0492553710938
1725,500.0,371.5170593261719,412.0284423828125
1726,500.0,-135.25723266601562,467.01165771484375
1727,500.0,145.06808471679688,510.1307373046875
1728,500.0,-122.27409362792969,600.9630737304688
1729,500.0,410.9396057128906,525.366455078125
1730,500.0,-463.6844482421875,642.656494140625
1731,500.0,-224.788818359375,452.8585510253906
1732,500.0,155.7818603515625,522.4232788085938
1733,500.0,-460.806396484375,597.2908935546875
1734,500.0,846.9443969726562,485.2336730957031
1735,500.0,-1238.6883544921875,513.5391235351562
1736,500.0,178.4266357421875,465.1851806640625
1737,500.0,-536.4306640625,633.1300659179688
1738,500.0,-726.541015625,498.51513671875
1739,500.0,-791.2385864257812,606.40625
1740,500.0,-1266.53369140625,681.2939453125
1741,500.0,195.043701171875,565.3419799804688
1742,500.0,-371.9471130371094,501.99273681640625
1743,500.0,-535.7591552734375,647.114990234375
1744,500.0,-1292.8441162109375,564.757568359375
1745,500.0,152.55752563476562,592.049560546875
1746,500.0,-611.9420166015625,516.663818359375
1747,500.0,-1407.2919921875,583.309814453125
1748,500.0,-1515.6710205078125,656.7919311523438
1749,500.0,-717.438232421875,602.0682373046875
1750,500.0,-1730.148193359375,494.19256591796875
1751,500.0,-1726.1893310546875,610.4271240234375
1752,500.0,-765.20556640625,643.5798950195312
1753,500.0,-1516.90478515625,741.46435546875
1754,500.0,-1108.98974609375,570.7063598632812
1755,500.0,-1022.152587890625,596.2724609375
1756,500.0,-1885.456298828125,658.4796142578125
1757,341.0,-3240.985595703125,1016.30078125
1758,500.0,-669.6176147460938,678.0177612304688
1759,500.0,-2466.747314453125,750.8531494140625
1760,500.0,-1548.5836181640625,587.6319580078125
1761,500.0,-1846.738037109375,672.3408203125
1762,500.0,-1315.3031005859375,511.1207580566406
1763,500.0,-959.427978515625,466.4814147949219
1764,500.0,-1900.0,627.9486694335938
1765,500.0,-1072.252197265625,562.8634643554688
1766,500.0,-462.9296875,493.759521484375
1767,500.0,-1488.7847900390625,662.5441284179688
1768,500.0,-663.0346069335938,555.1204833984375
1769,500.0,-1562.9818115234375,621.83251953125
1770,500.0,-1716.5078125,642.9054565429688
1771,500.0,-1491.2216796875,595.4996337890625
1772,500.0,-1833.393310546875,641.7618408203125
1773,500.0,-1697.81884765625,612.4873046875
1774,500.0,-396.283447265625,647.731201171875
1775,500.0,-1174.932861328125,679.0806274414062
1776,500.0,-1701.439208984375,667.8926391601562
1777,500.0,-635.8427734375,740.7617797851562
1778,500.0,-1327.535888671875,662.0176391601562
1779,500.0,-1500.1142578125,754.1034545898438
1780,500.0,-1562.6370849609375,707.0165405273438
1781,500.0,-1016.95703125,730.6185302734375
1782,500.0,-353.0220031738281,591.0280151367188
1783,500.0,-158.71151733398438,585.0316772460938
1784,500.0,-793.33349609375,736.5174560546875
1785,500.0,-849.36083984375,664.5750122070312
1786,500.0,-523.698974609375,652.6433715820312
1787,500.0,-1266.7581787109375,629.3168334960938
1788,500.0,-964.704833984375,675.5823974609375
1789,500.0,-1373.6231689453125,626.285400390625
1790,500.0,-877.7453002929688,789.9383544921875
1791,500.0,-903.55322265625,669.24560546875
1792,500.0,-587.2763061523438,640.0693969726562
1793,500.0,-1085.0634765625,612.4962768554688
1794,500.0,-1036.5194091796875,570.6983642578125
1795,500.0,-2264.962158203125,829.9060668945312
1796,500.0,-571.1326904296875,660.5360717773438
1797,500.0,-581.8079833984375,606.6666870117188
1798,500.0,-987.56494140625,666.5919799804688
1799,500.0,-1489.29931640625,682.8057250976562
1800,500.0,-1378.083740234375,702.7244873046875
1801,368.0,-3305.9228515625,1017.3079223632812
1802,500.0,-724.4495849609375,628.1849975585938
1803,500.0,-1846.2587890625,727.216064453125
1804,500.0,-576.9344482421875,617.6065673828125
1805,500.0,-768.3435668945312,589.2413940429688
1806,500.0,-674.326416015625,667.8162841796875
1807,500.0,-1260.707275390625,715.450927734375
1808,500.0,-1291.901123046875,629.4193115234375
1809,500.0,-1565.0037841796875,720.2809448242188
1810,500.0,-978.7951049804688,661.0897216796875
1811,500.0,-551.8961791992188,645.6187744140625
1812,500.0,-1036.2366943359375,776.8775634765625
1813,500.0,-989.300537109375,641.7792358398438
1814,500.0,-1379.509033203125,705.6595458984375
1815,500.0,-1574.4163818359375,652.9183349609375
1816,500.0,-2224.0888671875,879.6835327148438
1817,500.0,-1109.70849609375,680.72802734375
1818,500.0,-1715.006103515625,766.5103149414062
1819,500.0,-2618.43017578125,996.737548828125
1820,500.0,-2031.79638671875,892.0867309570312
1821,500.0,-732.1978759765625,544.078369140625
1822,500.0,-1397.60302734375,690.9179077148438
1823,500.0,-903.3731689453125,673.5787963867188
1824,500.0,-303.5773620605469,705.1968994140625
1825,500.0,-360.9068298339844,652.306884765625
1826,500.0,-1423.5302734375,719.1431274414062
1827,500.0,-1027.0634765625,608.7472534179688
1828,500.0,-167.06903076171875,646.1605834960938
1829,500.0,-409.3607482910156,642.1961059570312
1830,500.0,419.89990234375,576.916015625
1831,171.0,-2631.787109375,1243.11181640625
1832,482.0,-299.929443359375,649.3740844726562
1833,500.0,-181.16412353515625,574.7080688476562
1834,500.0,530.725830078125,609.5912475585938
1835,500.0,-156.46717834472656,636.0509033203125
1836,500.0,-367.28814697265625,641.0479125976562
1837,500.0,-504.81005859375,628.9185791015625
1838,500.0,-128.6499481201172,674.5651245117188
1839,500.0,-348.13519287109375,619.6843872070312
1840,500.0,25.996192932128906,540.0293579101562
1841,500.0,-161.97299194335938,685.7962036132812
1842,500.0,-37.22767639160156,691.9384765625
1843,500.0,-84.08827209472656,578.6646728515625
1844,500.0,-955.72509765625,721.9671020507812
1845,500.0,-824.5433349609375,623.0545043945312
1846,500.0,-387.6097106933594,647.7196044921875
1847,500.0,-587.4426879882812,651.6143798828125
1848,500.0,-169.58450317382812,614.7544555664062
1849,500.0,-775.3295288085938,747.8341674804688
1850,500.0,-497.92236328125,607.7764282226562
1851,500.0,-824.8863525390625,627.6482543945312
1852,500.0,-337.28289794921875,627.0283813476562
1853,500.0,-434.03173828125,668.0353393554688
1854,500.0,-409.4281311035156,630.0855712890625
1855,500.0,-393.17535400390625,688.668212890625
1856,500.0,-634.25390625,636.5394897460938
1857,500.0,-898.6239624023438,666.77978515625
1858,500.0,-108.44392395019531,632.1250610351562
1859,500.0,-1229.8275146484375,734.009521484375
1860,500.0,-511.0064697265625,669.624267578125
1861,500.0,-678.0537719726562,702.046875
1862,500.0,-762.809814453125,688.7427368164062
1863,500.0,-612.1383056640625,674.8516235351562
1864,500.0,-1395.7008056640625,822.6461181640625
1865,500.0,-1508.2318115234375,774.81103515625
1866,500.0,-814.5205688476562,715.649658203125
1867,311.0,-2443.421875,1075.8621826171875
1868,500.0,-608.86767578125,804.9288940429688
1869,433.0,-1673.82421875,864.0654296875
1870,311.0,-2333.03271484375,1052.277587890625
1871,256.0,-2391.6591796875,1194.602783203125
1872,349.0,-1871.3150634765625,939.5012817382812
1873,339.0,-2249.025146484375,934.0689697265625
1874,352.0,-1915.3056640625,912.022705078125
1875,295.0,-1993.560791015625,971.2802124023438
1876,272.0,-2194.437255859375,1032.9390869140625
1877,303.0,-2036.030029296875,940.3499145507812
1878,313.0,-1671.1058349609375,898.413330078125
1879,326.0,-1531.865234375,871.2200927734375
1880,265.0,-2203.1318359375,951.1055297851562
1881,415.0,-512.6949462890625,728.1337890625
1882,283.0,-1677.100830078125,897.7533569335938
1883,218.0,-2194.740966796875,1049.237548828125
1884,286.0,-1961.302001953125,859.4122314453125
1885,297.0,-1515.6529541015625,855.5618896484375
1886,416.0,-413.77667236328125,680.8960571289062
1887,363.0,-802.1771240234375,729.4813232421875
1888,401.0,-256.5107116699219,684.2760009765625
1889,340.0,-711.3443603515625,717.94091796875
1890,371.0,-451.23809814453125,685.4281616210938
1891,495.0,1156.159912109375,640.611328125
1892,407.0,78.36044311523438,665.72607421875
1893,264.0,-1436.486328125,766.1497192382812
1894,359.0,-244.55429077148438,668.4544677734375
1895,500.0,1119.6561279296875,656.9698486328125
1896,438.0,766.161376953125,666.4563598632812
1897,440.0,705.4528198242188,667.2581176757812
1898,183.0,-2600.67578125,986.98974609375
1899,500.0,1357.40234375,629.189697265625
1900,500.0,1566.9853515625,623.3579711914062
1901,500.0,1471.301513671875,613.78271484375
1902,500.0,1447.7086181640625,692.8499145507812
1903,500.0,1291.864013671875,622.845458984375
1904,500.0,1561.4140625,603.919677734375
1905,500.0,1718.686767578125,596.5070190429688
1906,500.0,1484.6424560546875,640.0692749023438
1907,500.0,1604.5223388671875,634.2857666015625
1908,500.0,1423.41259765625,609.4352416992188
1909,500.0,1848.0213623046875,592.3319091796875
1910,500.0,1134.0142822265625,644.0831298828125
1911,500.0,1648.3406982421875,614.5740966796875
1912,500.0,1446.338623046875,617.9810180664062
1913,500.0,1375.00146484375,657.5416259765625
1914,500.0,1280.7979736328125,671.634765625
1915,500.0,1404.64990234375,624.416748046875
1916,500.0,1317.393798828125,609.099853515625
1917,500.0,1298.99560546875,621.1057739257812
1918,500.0,1098.6688232421875,643.4096069335938
1919,500.0,1228.9508056640625,637.4071655273438
1920,500.0,1266.82275390625,615.2108764648438
1921,500.0,1057.6546630859375,614.2822265625
1922,500.0,1068.007080078125,637.78857421875
1923,500.0,1125.62158203125,609.6063232421875
1924,500.0,1201.663818359375,627.2575073242188
1925,500.0,1108.7890625,634.9989624023438
1926,500.0,1252.570556640625,611.1361694335938
1927,500.0,1413.59814453125,600.4390869140625
1928,500.0,1050.806396484375,648.623291015625
1929,500.0,949.8363037109375,635.3922119140625
1930,500.0,936.1035766601562,668.122314453125
1931,500.0,1107.4775390625,608.2966918945312
1932,500.0,1271.87060546875,619.1766967773438
1933,500.0,779.4937744140625,630.411376953125
1934,500.0,1118.1416015625,612.9647216796875
1935,500.0,986.4292602539062,592.557373046875
1936,500.0,810.7574462890625,600.8135986328125
1937,500.0,1346.8170166015625,589.999267578125
1938,500.0,983.1312866210938,661.3223266601562
1939,500.0,1294.0889892578125,588.5384521484375
1940,500.0,852.9349975585938,571.5441284179688
1941,500.0,743.2979125976562,624.8114624023438
1942,500.0,1108.0789794921875,602.3191528320312
1943,500.0,964.8370971679688,600.5462036132812
1944,500.0,580.6156005859375,589.5848388671875
1945,500.0,815.3162841796875,628.5076904296875
1946,500.0,523.5780029296875,603.5567626953125
1947,500.0,587.8862915039062,606.2437133789062
1948,500.0,678.4661254882812,620.0114135742188
1949,500.0,1423.01220703125,605.934326171875
1950,500.0,750.1737670898438,602.9112548828125
1951,500.0,751.3736572265625,585.0390625
1952,500.0,842.0499267578125,580.8320922851562
1953,500.0,657.84521484375,610.6956176757812
1954,500.0,476.69732666015625,608.3969116210938
1955,500.0,888.865966796875,607.9345092773438
1956,500.0,654.9716186523438,612.6648559570312
1957,500.0,920.34814453125,632.500732421875
1958,500.0,513.7296142578125,611.8330078125
1959,500.0,906.062744140625,568.7913818359375
1960,500.0,902.2194213867188,610.73388671875
1961,500.0,642.7830810546875,584.0368041992188
1962,500.0,713.65576171875,559.6649780273438
1963,500.0,734.4934692382812,610.1964721679688
1964,500.0,824.862060546875,575.5771484375
1965,500.0,613.1474609375,607.19482421875
1966,500.0,639.002685546875,608.6832885742188
1967,500.0,293.07489013671875,608.7400512695312
1968,500.0,624.7169799804688,599.7395629882812
1969,500.0,671.8892822265625,592.1150512695312
1970,500.0,342.67449951171875,580.3184204101562
1971,500.0,790.0741577148438,557.9898071289062
1972,500.0,370.6530456542969,610.316650390625
1973,500.0,371.8014221191406,583.3699340820312
1974,500.0,303.009033203125,579.0357666015625
1975,500.0,683.6578369140625,586.0375366210938
1976,500.0,512.147216796875,587.4164428710938
1977,500.0,599.36376953125,626.4173583984375
1978,500.0,194.6590576171875,589.9696044921875
1979,500.0,896.6472778320312,596.80224609375
1980,500.0,458.884765625,598.8768310546875
1981,500.0,265.13201904296875,555.1967163085938
1982,500.0,626.4591064453125,603.5004272460938
1983,500.0,263.3026123046875,619.2452392578125
1984,500.0,449.01531982421875,551.2319946289062
1985,500.0,390.6048583984375,631.216064453125
1986,500.0,696.0191650390625,583.8792724609375
1987,500.0,605.1671142578125,579.5200805664062
1988,500.0,390.20648193359375,588.3928833007812
1989,500.0,420.74151611328125,605.1358032226562
1990,500.0,356.09326171875,603.6356201171875
1991,500.0,317.686767578125,566.8523559570312
1992,500.0,503.36846923828125,608.8318481445312
1993,500.0,182.59744262695312,575.7376098632812
1994,500.0,356.09393310546875,583.15673828125
1995,500.0,111.74275207519531,599.43798828125
1996,500.0,49.831146240234375,594.9208984375
1997,500.0,295.8482666015625,595.1221923828125
1998,500.0,-40.63559341430664,594.6367797851562
1999,500.0,97.81144714355469,589.75732421875
2000,500.0,411.84783935546875,597.2799072265625
