episode,total_steps,reward,length,mean_loss,epsilon
1,9,9.0,9,,0.99924
2,42,33.0,33,,0.996105
3,61,19.0,19,,0.9943
4,86,25.0,25,,0.991925
5,106,20.0,20,,0.990025
6,164,58.0,58,,0.984515
7,177,13.0,13,,0.98328
8,189,12.0,12,,0.98214
9,204,15.0,15,,0.980715
10,218,14.0,14,,0.979385
11,232,14.0,14,,0.978055
12,255,23.0,23,,0.97587
13,270,15.0,15,,0.974445
14,285,15.0,15,,0.97302
15,299,14.0,14,,0.97169
16,315,16.0,16,,0.97017
17,340,25.0,25,,0.967795
18,358,18.0,18,,0.966085
19,385,27.0,27,,0.96352
20,413,28.0,28,,0.96086
21,428,15.0,15,,0.959435
22,444,16.0,16,,0.957915
23,482,38.0,38,,0.954305
24,502,20.0,20,1.123944918314616,0.952405
25,512,10.0,10,1.04056778550148,0.951455
26,537,25.0,25,0.8222335195541381,0.94908
27,580,43.0,43,0.5082960641661356,0.944995
28,603,23.0,23,0.2924129619546559,0.94281
29,617,14.0,14,0.21280765214136668,0.94148
30,634,17.0,17,0.1587918733849245,0.939865
31,668,34.0,34,0.10680193475940648,0.936635
32,694,26.0,26,0.0708790781119695,0.934165
33,733,39.0,39,0.05187871240270443,0.93046
34,759,26.0,26,0.40591031234138286,0.92799
35,769,10.0,10,0.7847947955131531,0.92704
36,798,29.0,29,0.4608425775478626,0.924285
37,825,27.0,27,0.21122741340487092,0.92172
38,845,20.0,20,0.13848903123289347,0.91982
39,885,40.0,40,0.11100109624676406,0.9160200000000001
40,902,17.0,17,0.09499425594420995,0.914405
41,921,19.0,19,0.09852954529617962,0.9126
42,941,20.0,20,0.08226202758960426,0.9107000000000001
43,971,30.0,30,0.07186313879986604,0.90785
44,993,22.0,22,0.06820962946353988,0.90576
45,1010,17.0,17,0.6676173458314117,0.904145
46,1025,15.0,15,0.6247104346752167,0.90272
47,1034,9.0,9,0.40575185749265885,0.901865
48,1049,15.0,15,0.2935012544194857,0.90044
49,1069,20.0,20,0.24896188117563725,0.89854
50,1098,29.0,29,0.21650143571454902,0.895785
51,1109,11.0,11,0.23416376147757878,0.89474
52,1120,11.0,11,0.23294361206618222,0.893695
53,1132,12.0,12,0.25458040336767834,0.892555
54,1143,11.0,11,0.2473197023976933,0.89151
55,1153,10.0,10,0.20635115802288057,0.89056
56,1177,24.0,24,0.19483841862529516,0.88828
57,1193,16.0,16,0.18341998662799597,0.88676
58,1213,20.0,20,0.17727603716775775,0.88486
59,1233,20.0,20,0.1672158647328615,0.88296
60,1245,12.0,12,0.18517424600819746,0.88182
61,1276,31.0,31,0.7486773032334543,0.878875
62,1287,11.0,11,0.3710681369358843,0.87783
63,1310,23.0,23,0.4074921234632316,0.875645
64,1327,17.0,17,0.38615736694020386,0.87403
65,1342,15.0,15,0.29560643223424754,0.8726050000000001
66,1367,25.0,25,0.34980500280857085,0.8702300000000001
67,1413,46.0,46,0.3700854789627635,0.8658600000000001
68,1431,18.0,18,0.34759432739681667,0.86415
69,1447,16.0,16,0.3073088647797704,0.86263
70,1474,27.0,27,0.3380293095553363,0.8600650000000001
71,1489,15.0,15,0.2638256955891848,0.8586400000000001
72,1516,27.0,27,0.6912399017148547,0.856075
73,1543,27.0,27,0.5293496447718806,0.85351
74,1558,15.0,15,0.5621248602867126,0.852085
75,1568,10.0,10,0.5658267885446548,0.851135
76,1595,27.0,27,0.45235076422492665,0.84857
77,1611,16.0,16,0.4145378549583256,0.84705
78,1635,24.0,24,0.4535078755579889,0.84477
79,1658,23.0,23,0.5269502790077872,0.842585
80,1675,17.0,17,0.3800606144701733,0.84097
81,1732,57.0,57,0.39702374259369416,0.835555
82,1745,13.0,13,0.42131695695794547,0.83432
83,1769,24.0,24,0.9861806643505892,0.83204
84,1814,45.0,45,0.6577961194018523,0.8277650000000001
85,1842,28.0,28,0.5434941018798521,0.825105
86,1865,23.0,23,0.6204302348196507,0.82292
87,1879,14.0,14,0.7534683091299874,0.82159
88,1945,66.0,66,0.652730847962878,0.81532
89,1966,21.0,21,0.5394318714028313,0.813325
90,1984,18.0,18,0.5040293147580491,0.811615
91,1995,11.0,11,0.6185777133161371,0.81057
92,2024,29.0,29,1.0870663783159749,0.807815
93,2062,38.0,38,0.8373627967544293,0.8042050000000001
94,2104,42.0,42,0.8835784042520183,0.800215
95,2122,18.0,18,0.8513184529211786,0.798505
96,2145,23.0,23,0.6014759964917017,0.79632
97,2182,37.0,37,0.8006453877566634,0.792805
98,2208,26.0,26,0.7334831007398092,0.790335
99,2239,31.0,31,0.8012639723958508,0.78739
100,2254,15.0,15,1.1397938350836436,0.785965
101,2283,29.0,29,1.1963003884101737,0.78321
102,2298,15.0,15,0.9856457427144051,0.7817850000000001
103,2337,39.0,39,0.9419334948253937,0.77808
104,2349,12.0,12,1.1795450784265995,0.77694
105,2368,19.0,19,1.0143095254898071,0.775135
106,2413,45.0,45,0.794737400362889,0.77086
107,2447,34.0,34,1.0271309905630701,0.76763
108,2491,44.0,44,0.891200237145478,0.76345
109,2504,13.0,13,1.0821758107497141,0.762215
110,2535,31.0,31,1.2346794278390947,0.75927
111,2546,11.0,11,1.3300794451074167,0.758225
112,2570,24.0,24,1.156480363259713,0.755945
113,2600,30.0,30,1.1235471275945506,0.753095
114,2641,41.0,41,1.371219030967573,0.7492
115,2659,18.0,18,1.2919082591931026,0.74749
116,2684,25.0,25,1.0034041446447373,0.745115
117,2715,31.0,31,1.3014608511040289,0.74217
118,2746,31.0,31,0.9487024959056608,0.739225
119,2797,51.0,51,1.6172955974059946,0.73438
120,2850,53.0,53,1.4353550118657779,0.729345
121,2888,38.0,38,1.5208226614876796,0.725735
122,2905,17.0,17,1.244259766796056,0.7241200000000001
123,2931,26.0,26,1.3471029578493192,0.72165
124,2950,19.0,19,1.5483871761121248,0.7198450000000001
125,3003,53.0,53,1.21822789170832,0.71481
126,3030,27.0,27,1.9058249871487971,0.712245
127,3068,38.0,38,1.6069549265268601,0.708635
128,3093,25.0,25,1.471363582611084,0.7062600000000001
129,3116,23.0,23,1.888310862624127,0.704075
130,3159,43.0,43,1.648187053411506,0.69999
131,3235,76.0,76,1.6137591701393064,0.69277
132,3264,29.0,29,1.619840578786258,0.690015
133,3319,55.0,55,2.0127390563488006,0.68479
134,3393,74.0,74,1.6102728976591214,0.67776
135,3419,26.0,26,2.3654408202721524,0.67529
136,3444,25.0,25,1.5729177564382553,0.672915
137,3492,48.0,48,1.7363850246183574,0.668355
138,3516,24.0,24,2.373404361307621,0.666075
139,3550,34.0,34,2.169111775124774,0.662845
140,3625,75.0,75,2.0182766250769295,0.6557200000000001
141,3761,136.0,136,1.8249768304693348,0.6428
142,3784,23.0,23,2.6446629681664966,0.6406149999999999
143,3824,40.0,40,1.901415916904807,0.636815
144,3884,60.0,60,2.1831752002239226,0.6311150000000001
145,3970,86.0,86,1.859353272460921,0.6229450000000001
146,4004,34.0,34,2.1921300813555717,0.619715
147,4115,111.0,111,2.0778616345949,0.60917
148,4154,39.0,39,1.9596653446937218,0.605465
149,4196,42.0,42,2.402118147129104,0.601475
150,4244,48.0,48,2.22800440620631,0.5969150000000001
151,4339,95.0,95,2.2221923649311064,0.58789
152,4372,33.0,33,2.2015048965360178,0.584755
153,4424,52.0,52,2.807098559175546,0.579815
154,4457,33.0,33,2.70406034859744,0.5766800000000001
155,4543,86.0,86,2.686475741828597,0.5685100000000001
156,4598,55.0,55,3.1856045722961426,0.563285
157,4623,25.0,25,2.6474202394485475,0.56091
158,4652,29.0,29,2.2116292879499238,0.558155
159,4726,74.0,74,2.7093565319035506,0.5511250000000001
160,4791,65.0,65,2.962500033928798,0.54495
161,4816,25.0,25,2.5061560535430907,0.542575
162,4883,67.0,67,2.446109273095629,0.5362100000000001
163,4972,89.0,89,2.765118164962597,0.527755
164,5006,34.0,34,2.448131518328891,0.5245250000000001
165,5020,14.0,14,3.6119667632239207,0.5231950000000001
166,5113,93.0,93,2.892726803659111,0.51436
167,5190,77.0,77,3.322086066975222,0.507045
168,5289,99.0,99,2.8399312699382957,0.49763999999999997
169,5314,25.0,25,3.2566298389434816,0.49526500000000007
170,5375,61.0,61,3.151240930205486,0.48947000000000007
171,5459,84.0,84,3.1320254305998483,0.4814900000000001
172,5569,110.0,110,3.4856229909441687,0.47104
173,5703,134.0,134,3.1295260918229375,0.45831
174,5808,105.0,105,3.220651821579252,0.44833500000000004
175,5919,111.0,111,3.2976826755581676,0.43779
176,6040,121.0,121,3.695157500091663,0.426295
177,6246,206.0,206,3.638929374299003,0.406725
178,6471,225.0,225,3.564461218847169,0.38534999999999997
179,6589,118.0,118,3.8422229610762355,0.37414000000000003
180,6760,171.0,171,3.6560228900951253,0.3578950000000001
181,6940,180.0,180,3.975994672046767,0.34079500000000007
182,7180,240.0,240,3.894248665124178,0.317995
183,7330,150.0,150,4.316200420459111,0.30374500000000004
184,7528,198.0,198,4.575648402174314,0.28493500000000005
185,7797,269.0,269,4.8244817923879095,0.25938000000000005
186,8031,234.0,234,4.121279072430399,0.23714999999999997
187,8334,303.0,303,4.8175030018236775,0.20836500000000002
188,8541,207.0,207,5.02044878360154,0.1887000000000001
189,8759,218.0,218,5.006257662532526,0.16798999999999997
190,8938,179.0,179,5.3415734075301184,0.15098500000000004
191,9139,201.0,201,4.805366403724424,0.13189000000000006
192,9348,209.0,209,5.266850278137974,0.1120350000000001
193,9575,227.0,227,5.5261778034565205,0.09047000000000005
194,9871,296.0,296,5.8067965834728765,0.062350000000000017
195,10139,268.0,268,5.783360453461533,0.050000000000000044
196,10639,500.0,500,5.805280612170696,0.050000000000000044
197,10867,228.0,228,5.634391059020632,0.050000000000000044
198,11045,178.0,178,5.487264232856504,0.050000000000000044
199,11316,271.0,271,5.264681891651611,0.050000000000000044
200,11592,276.0,276,5.618312890708879,0.050000000000000044
201,11822,230.0,230,5.8661554559417395,0.050000000000000044
202,12009,187.0,187,6.068025716645195,0.050000000000000044
203,12238,229.0,229,5.073409065213786,0.050000000000000044
204,12634,396.0,396,5.15592266081108,0.050000000000000044
205,12830,196.0,196,5.050313495023518,0.050000000000000044
206,13099,269.0,269,4.375783119669191,0.050000000000000044
207,13424,325.0,325,4.2305438015552665,0.050000000000000044
208,13680,256.0,256,4.047573955147527,0.050000000000000044
209,13903,223.0,223,4.170633458035409,0.050000000000000044
210,14119,216.0,216,3.969610042180176,0.050000000000000044
211,14326,207.0,207,3.5028746417107213,0.050000000000000044
212,14572,246.0,246,3.2071343938994215,0.050000000000000044
213,14815,243.0,243,3.2096829560313207,0.050000000000000044
214,15301,486.0,486,2.4885058197587604,0.050000000000000044
215,15636,335.0,335,1.9306014794689506,0.050000000000000044
216,15881,245.0,245,2.0126414155625567,0.050000000000000044
217,16108,227.0,227,1.6151770928029447,0.050000000000000044
218,16543,435.0,435,1.6958384439177896,0.050000000000000044
219,16789,246.0,246,1.7183590442154224,0.050000000000000044
220,17035,246.0,246,1.4978872425399903,0.050000000000000044
221,17302,267.0,267,1.4010567204112865,0.050000000000000044
222,17515,213.0,213,1.4292497477481063,0.050000000000000044
223,17926,411.0,411,1.4078273577955518,0.050000000000000044
224,18120,194.0,194,1.3841421929447306,0.050000000000000044
225,18309,189.0,189,1.2985833971785805,0.050000000000000044
226,18638,329.0,329,1.452819948908406,0.050000000000000044
227,18937,299.0,299,0.9292745507107332,0.050000000000000044
228,19209,272.0,272,1.1124622342450654,0.050000000000000044
229,19394,185.0,185,1.3423686560142685,0.050000000000000044
230,19636,242.0,242,0.9064749771159543,0.050000000000000044
231,19813,177.0,177,0.8769154505814705,0.050000000000000044
232,20055,242.0,242,0.9877505651944556,0.050000000000000044
233,20312,257.0,257,0.794496340865581,0.050000000000000044
234,20686,374.0,374,0.8118762254645241,0.050000000000000044
235,20921,235.0,235,1.042042838465026,0.050000000000000044
236,21200,279.0,279,1.064842873650159,0.050000000000000044
237,21474,274.0,274,0.6421782496677589,0.050000000000000044
238,21711,237.0,237,0.9940772215100909,0.050000000000000044
239,21928,217.0,217,0.7639402208360522,0.050000000000000044
240,22117,189.0,189,0.9066290845355344,0.050000000000000044
241,22411,294.0,294,0.7405172505092864,0.050000000000000044
242,22618,207.0,207,0.6775370139790617,0.050000000000000044
243,22830,212.0,212,0.7795700066336343,0.050000000000000044
244,23058,228.0,228,0.6574588609908364,0.050000000000000044
245,23558,500.0,500,0.5886823882870376,0.050000000000000044
246,23748,190.0,190,0.8086775801977829,0.050000000000000044
247,23990,242.0,242,0.6797550476718047,0.050000000000000044
248,24340,350.0,350,0.5104492300855262,0.050000000000000044
249,24623,283.0,283,0.65462334355991,0.050000000000000044
250,24820,197.0,197,0.5560954139109342,0.050000000000000044
