episode,reward,policy_loss
1,10.0,34.60675048828125
2,21.0,146.83795166015625
3,12.0,48.92472839355469
4,18.0,110.46400451660156
5,21.0,156.5133819580078
6,14.0,65.5025405883789
7,14.0,67.17362213134766
8,35.0,387.1307678222656
9,27.0,238.39373779296875
10,32.0,338.7309265136719
11,11.0,51.01368713378906
12,29.0,273.7899475097656
13,14.0,66.32237243652344
14,21.0,144.06451416015625
15,27.0,238.38851928710938
16,19.0,119.8232192993164
17,28.0,252.72018432617188
18,34.0,362.4356994628906
19,44.0,595.9373779296875
20,11.0,41.01711654663086
21,20.0,133.87925720214844
22,16.0,87.05146789550781
23,12.0,48.63445281982422
24,18.0,114.81929016113281
25,13.0,57.01414108276367
26,28.0,259.6104431152344
27,20.0,138.6320037841797
28,15.0,75.70403289794922
29,20.0,133.29623413085938
30,18.0,108.05268859863281
31,27.0,234.5653076171875
32,47.0,655.1939086914062
33,15.0,75.81584167480469
34,48.0,706.3505859375
35,35.0,385.9902648925781
36,15.0,76.72857666015625
37,17.0,97.51313781738281
38,23.0,173.29173278808594
39,13.0,57.82404327392578
40,28.0,251.906982421875
41,29.0,273.6138610839844
42,23.0,177.0430450439453
43,34.0,363.94342041015625
44,32.0,326.2282409667969
45,16.0,96.22041320800781
46,16.0,85.6948471069336
47,11.0,42.162540435791016
48,18.0,108.67704010009766
49,43.0,558.7445068359375
50,49.0,722.1610107421875
51,25.0,201.80133056640625
52,22.0,158.69541931152344
53,15.0,76.92283630371094
54,21.0,160.5998077392578
55,20.0,134.12771606445312
56,32.0,320.3510437011719
57,22.0,159.89173889160156
58,9.0,30.717140197753906
59,11.0,48.41248321533203
60,21.0,145.50180053710938
61,17.0,96.52509307861328
62,48.0,684.0548095703125
63,42.0,526.595947265625
64,10.0,43.57575225830078
65,29.0,268.4139099121094
66,16.0,87.62998962402344
67,22.0,159.3563232421875
68,22.0,158.75599670410156
69,14.0,66.98309326171875
70,20.0,132.5879669189453
71,28.0,246.46630859375
72,29.0,274.3217468261719
73,22.0,157.39845275878906
74,19.0,122.1558609008789
75,11.0,44.86418151855469
76,20.0,131.7574462890625
77,28.0,247.8049774169922
78,29.0,269.23968505859375
79,17.0,97.29146575927734
80,15.0,77.16033172607422
81,17.0,97.44691467285156
82,42.0,530.305419921875
83,61.0,1047.47607421875
84,16.0,87.64874267578125
85,18.0,106.84317016601562
86,29.0,278.59991455078125
87,43.0,549.0213012695312
88,38.0,442.0408020019531
89,24.0,184.86044311523438
90,23.0,176.2082061767578
91,19.0,118.4235610961914
92,33.0,342.3831481933594
93,37.0,407.7696838378906
94,39.0,467.561767578125
95,10.0,37.91779708862305
96,10.0,38.18252182006836
97,11.0,44.66284942626953
98,32.0,313.2256164550781
99,67.0,1218.02978515625
100,30.0,280.1034851074219
101,16.0,96.91748046875
102,32.0,328.4100341796875
103,44.0,566.0823364257812
104,13.0,61.936256408691406
105,21.0,144.30081176757812
106,53.0,802.657470703125
107,25.0,197.05056762695312
108,36.0,393.4661865234375
109,29.0,281.2630615234375
110,15.0,78.9197769165039
111,52.0,767.5968017578125
112,24.0,183.18606567382812
113,53.0,788.7962036132812
114,38.0,449.65679931640625
115,16.0,86.41488647460938
116,28.0,238.56787109375
117,30.0,278.5837097167969
118,76.0,1494.1630859375
119,14.0,70.23016357421875
120,29.0,262.4917907714844
121,25.0,195.40187072753906
122,14.0,68.2171401977539
123,33.0,346.621826171875
124,19.0,124.27281188964844
125,39.0,442.03497314453125
126,40.0,469.61614990234375
127,22.0,162.45693969726562
128,56.0,860.3380737304688
129,34.0,346.1209716796875
130,27.0,224.49569702148438
131,40.0,468.0453796386719
132,20.0,144.97682189941406
133,26.0,216.57615661621094
134,36.0,393.419921875
135,35.0,363.2727355957031
136,45.0,574.104736328125
137,50.0,702.9896240234375
138,55.0,831.0875244140625
139,15.0,81.40937042236328
140,45.0,575.6810302734375
141,22.0,153.5199432373047
142,62.0,1003.9768676757812
143,19.0,116.1231460571289
144,30.0,272.9280700683594
145,75.0,1417.39111328125
146,21.0,144.65228271484375
147,39.0,441.76171875
148,38.0,418.985595703125
149,64.0,1082.129150390625
150,19.0,124.38613891601562
151,58.0,921.4945068359375
152,62.0,1021.0487060546875
153,84.0,1722.88134765625
154,39.0,423.71820068359375
155,26.0,230.7840118408203
156,36.0,382.5712585449219
157,20.0,126.37103271484375
158,23.0,192.27786254882812
159,22.0,156.93849182128906
160,68.0,1195.44921875
161,55.0,798.7975463867188
162,28.0,240.3915557861328
163,48.0,635.7844848632812
164,37.0,381.18634033203125
165,95.0,2172.536376953125
166,27.0,232.47222900390625
167,85.0,1821.4185791015625
168,38.0,414.65509033203125
169,38.0,411.9618835449219
170,36.0,382.22369384765625
171,15.0,95.23450469970703
172,42.0,488.22869873046875
173,29.0,250.1547393798828
174,43.0,507.0878601074219
175,69.0,1199.697509765625
176,21.0,142.81198120117188
177,34.0,332.190185546875
178,11.0,62.58921432495117
179,44.0,533.0133666992188
180,23.0,162.53306579589844
181,67.0,1151.281494140625
182,22.0,184.83380126953125
183,49.0,631.415771484375
184,90.0,2043.6761474609375
185,47.0,611.429931640625
186,117.0,3062.33740234375
187,79.0,1649.05224609375
188,28.0,244.90414428710938
189,13.0,68.69519805908203
190,37.0,406.0465393066406
191,43.0,492.06231689453125
192,24.0,214.96133422851562
193,10.0,53.30250549316406
194,108.0,2645.583984375
195,41.0,475.2210998535156
196,58.0,919.1709594726562
197,29.0,258.8315734863281
198,40.0,430.42431640625
199,144.0,4380.84130859375
200,59.0,904.87939453125
201,67.0,1246.6229248046875
202,86.0,1771.572509765625
203,91.0,1952.668701171875
204,35.0,384.5277099609375
205,56.0,823.7539672851562
206,75.0,1391.78662109375
207,41.0,468.9617614746094
208,24.0,180.11512756347656
209,25.0,208.16098022460938
210,101.0,2395.5068359375
211,48.0,612.1763916015625
212,54.0,813.845703125
213,28.0,233.77175903320312
214,36.0,364.3228759765625
215,49.0,627.7039794921875
216,65.0,1133.71923828125
217,42.0,519.3682861328125
218,35.0,343.4922790527344
219,48.0,671.176025390625
220,66.0,1139.817626953125
221,135.0,3838.625732421875
222,64.0,1093.9820556640625
223,63.0,1056.7078857421875
224,18.0,114.71436309814453
225,38.0,399.05255126953125
226,69.0,1186.057861328125
227,73.0,1320.284912109375
228,26.0,230.34646606445312
229,36.0,368.55279541015625
230,27.0,222.51104736328125
231,41.0,488.08795166015625
232,55.0,793.703125
233,20.0,132.06825256347656
234,43.0,566.120849609375
235,68.0,1172.6031494140625
236,35.0,339.44464111328125
237,37.0,406.9080810546875
238,38.0,414.3757019042969
239,101.0,2368.39111328125
240,50.0,670.6248779296875
241,71.0,1283.26904296875
242,97.0,2144.7490234375
243,189.0,6463.0146484375
244,96.0,2146.55322265625
245,106.0,2634.217041015625
246,129.0,3539.6455078125
247,55.0,804.1317749023438
248,26.0,205.0944366455078
249,88.0,1962.917724609375
250,89.0,1886.4224853515625
251,37.0,413.7302551269531
252,120.0,3059.6298828125
253,46.0,574.155517578125
254,28.0,258.4136962890625
255,22.0,156.27621459960938
256,39.0,409.76910400390625
257,131.0,3716.05517578125
258,80.0,1504.2977294921875
259,60.0,910.846923828125
260,122.0,3134.31201171875
261,63.0,1031.4576416015625
262,160.0,4991.0048828125
263,121.0,3122.52392578125
264,101.0,2297.473876953125
265,46.0,610.267333984375
266,78.0,1489.882568359375
267,144.0,4410.54443359375
268,66.0,1087.7156982421875
269,39.0,421.32745361328125
270,47.0,611.3861694335938
271,21.0,146.63980102539062
272,113.0,2840.785888671875
273,93.0,2047.5380859375
274,132.0,3659.7197265625
275,83.0,1597.9998779296875
276,39.0,437.34637451171875
277,132.0,3498.700439453125
278,141.0,4128.8291015625
279,156.0,4746.48681640625
280,21.0,157.77117919921875
281,145.0,4190.3095703125
282,252.0,9673.935546875
283,260.0,10161.5517578125
284,89.0,1840.4705810546875
285,41.0,496.1981506347656
286,37.0,409.0743408203125
287,54.0,765.4515380859375
288,79.0,1503.140869140625
289,18.0,142.11785888671875
290,135.0,3614.03955078125
291,83.0,1658.2325439453125
292,90.0,1952.1396484375
293,143.0,4327.6298828125
294,37.0,410.0547790527344
295,127.0,3308.006103515625
296,117.0,2856.442138671875
297,77.0,1388.7694091796875
298,158.0,4996.03515625
299,72.0,1281.56787109375
300,58.0,867.515625
301,34.0,336.6109313964844
302,134.0,3704.23828125
303,82.0,1544.7103271484375
304,122.0,3111.798095703125
305,77.0,1422.6851806640625
306,142.0,4031.425537109375
307,110.0,2502.562744140625
308,172.0,5373.83740234375
309,61.0,962.42041015625
310,102.0,2232.7685546875
311,132.0,3578.239013671875
312,115.0,2906.267578125
313,170.0,5056.2958984375
314,147.0,4147.50732421875
315,107.0,2526.557373046875
316,180.0,5539.662109375
317,101.0,2252.8037109375
318,83.0,1787.61181640625
319,60.0,915.7763671875
320,157.0,4670.9189453125
321,43.0,563.1637573242188
322,105.0,2519.253662109375
323,106.0,2304.151123046875
324,215.0,7372.0478515625
325,59.0,842.7952880859375
326,117.0,2816.9072265625
327,169.0,5408.48828125
328,480.0,23237.77734375
329,95.0,1902.6361083984375
330,352.0,15102.5712890625
331,66.0,1074.28076171875
332,151.0,4600.59130859375
333,90.0,1798.5826416015625
334,70.0,1130.7244873046875
335,112.0,2556.7353515625
336,252.0,9948.908203125
337,133.0,3448.5322265625
338,109.0,2615.60009765625
339,118.0,2958.76953125
340,60.0,917.048828125
341,42.0,518.803466796875
342,209.0,7171.22998046875
343,267.0,10444.251953125
344,150.0,4269.49609375
345,84.0,1662.3209228515625
346,98.0,2343.64013671875
347,161.0,4720.38427734375
348,191.0,6254.96533203125
349,130.0,3552.563232421875
350,153.0,4563.34033203125
351,254.0,9700.9423828125
352,128.0,3294.42333984375
353,22.0,168.17514038085938
354,50.0,699.2367553710938
355,233.0,8590.4423828125
356,52.0,759.6478881835938
357,159.0,4716.26220703125
358,129.0,3323.98681640625
359,211.0,7520.068359375
360,105.0,2505.2158203125
361,223.0,7741.2109375
362,150.0,4278.1767578125
363,252.0,9590.599609375
364,112.0,2732.7919921875
365,150.0,4515.71923828125
366,82.0,1486.1787109375
367,166.0,5195.908203125
368,96.0,2095.11474609375
369,265.0,10460.9345703125
370,242.0,9103.7314453125
371,41.0,515.2283325195312
372,102.0,2283.84130859375
373,470.0,21999.5390625
374,237.0,8701.2998046875
375,90.0,1761.536865234375
376,257.0,10011.544921875
377,139.0,3798.33544921875
378,63.0,1062.2598876953125
379,184.0,5696.767578125
380,147.0,4300.439453125
381,279.0,11140.7841796875
382,231.0,8194.9130859375
383,27.0,248.96090698242188
384,120.0,3204.987548828125
385,355.0,15405.380859375
386,175.0,5402.4306640625
387,40.0,460.1986999511719
388,82.0,1695.5850830078125
389,156.0,4473.20654296875
390,140.0,3757.60888671875
391,146.0,3973.68359375
392,286.0,11507.9912109375
393,500.0,22984.404296875
394,215.0,7616.47998046875
395,198.0,6608.96826171875
396,47.0,645.9193115234375
397,220.0,7832.56982421875
398,199.0,6645.61474609375
399,33.0,332.04376220703125
400,280.0,11243.708984375
401,186.0,6352.02392578125
402,217.0,7822.595703125
403,193.0,6369.98486328125
404,251.0,9334.77734375
405,243.0,9045.7021484375
406,211.0,7662.41015625
407,282.0,10780.7314453125
408,62.0,987.33740234375
409,166.0,5278.88232421875
410,114.0,2616.825927734375
411,337.0,13981.7578125
412,167.0,5114.779296875
413,143.0,4034.66259765625
414,275.0,10960.755859375
415,169.0,5435.44677734375
416,247.0,9413.359375
417,207.0,6926.07421875
418,276.0,10758.4326171875
419,179.0,5607.06494140625
420,261.0,10042.00390625
421,158.0,4598.62060546875
422,149.0,4209.77490234375
423,183.0,5829.80859375
424,199.0,6689.068359375
425,170.0,5297.662109375
426,170.0,5072.802734375
427,204.0,6732.1015625
428,123.0,3048.5361328125
429,168.0,4919.6689453125
430,189.0,5956.765625
431,115.0,2823.306640625
432,342.0,14439.921875
433,240.0,8818.908203125
434,247.0,9223.966796875
435,134.0,3377.870849609375
436,140.0,3716.42822265625
437,50.0,682.5459594726562
438,138.0,3820.03857421875
439,45.0,552.3526000976562
440,148.0,4177.3896484375
441,181.0,5471.60498046875
442,186.0,6175.349609375
443,134.0,3427.246826171875
444,210.0,6901.51123046875
445,139.0,3647.028564453125
446,180.0,5865.7109375
447,242.0,9036.6513671875
448,65.0,1040.3740234375
449,246.0,9086.294921875
450,133.0,3271.24365234375
451,230.0,7876.49267578125
452,117.0,2776.52587890625
453,338.0,13819.541015625
454,153.0,4256.71240234375
455,171.0,5054.921875
456,245.0,8833.4814453125
457,145.0,3930.550537109375
458,102.0,2222.218505859375
459,151.0,4158.81494140625
460,133.0,3348.498046875
461,188.0,6362.2958984375
462,264.0,10183.2802734375
463,370.0,16116.28515625
464,44.0,505.5494384765625
465,233.0,8175.12109375
466,169.0,5271.6416015625
467,162.0,4684.24169921875
468,262.0,9355.2041015625
469,163.0,4782.40380859375
470,135.0,3557.8359375
471,161.0,4602.06640625
472,128.0,3286.17578125
473,137.0,3636.396240234375
474,188.0,6148.40380859375
475,116.0,2854.190673828125
476,180.0,5637.77734375
477,104.0,2324.015625
478,209.0,6917.640625
479,500.0,24109.3515625
480,168.0,4964.47216796875
481,134.0,3328.23291015625
482,166.0,5007.81201171875
483,104.0,2360.4296875
484,246.0,8708.044921875
485,166.0,5208.91015625
486,181.0,5692.79833984375
487,205.0,6933.53369140625
488,282.0,10966.1953125
489,173.0,5051.716796875
490,196.0,6376.2109375
491,147.0,3985.378173828125
492,182.0,5583.8525390625
493,241.0,8909.19140625
494,263.0,9976.556640625
495,137.0,3766.32861328125
496,287.0,10791.3740234375
497,216.0,7069.78515625
498,128.0,3335.490966796875
499,159.0,5039.43359375
500,500.0,23065.4609375
501,234.0,8471.0126953125
502,188.0,6036.9326171875
503,217.0,7285.5947265625
504,219.0,7411.041015625
505,142.0,3922.5595703125
506,292.0,11643.486328125
507,178.0,5664.43212890625
508,107.0,2547.485595703125
509,276.0,10571.43359375
510,273.0,9933.3603515625
511,224.0,7768.2490234375
512,141.0,3759.609619140625
513,489.0,22595.189453125
514,437.0,19102.6015625
515,318.0,12725.1328125
516,267.0,10331.3251953125
517,235.0,8659.298828125
518,276.0,10233.4921875
519,224.0,8111.560546875
520,354.0,14704.671875
521,359.0,15244.4453125
522,274.0,10036.8720703125
523,500.0,23546.29296875
524,79.0,1486.4906005859375
525,500.0,23348.26171875
526,230.0,7736.26123046875
527,384.0,16212.708984375
528,234.0,8078.189453125
529,276.0,10369.73046875
530,379.0,15845.6259765625
531,375.0,16206.59765625
532,454.0,19543.74609375
533,344.0,13640.17578125
534,135.0,3859.28271484375
535,418.0,17868.201171875
536,500.0,23505.27734375
537,392.0,16219.24609375
538,500.0,22191.7265625
539,401.0,17001.41015625
540,221.0,7913.3935546875
541,118.0,2668.67138671875
542,444.0,19512.08984375
543,185.0,5751.45849609375
544,280.0,10655.4365234375
545,387.0,16341.2880859375
546,359.0,14659.037109375
547,259.0,9605.9208984375
548,265.0,9452.6650390625
549,350.0,14341.5078125
550,198.0,6332.71875
551,500.0,22039.134765625
552,160.0,4719.32470703125
553,279.0,10724.115234375
554,448.0,19872.97265625
555,500.0,22062.3359375
556,468.0,20831.521484375
557,500.0,22111.630859375
558,287.0,10550.712890625
559,350.0,15075.337890625
560,162.0,4785.8994140625
561,141.0,3787.291015625
562,353.0,14958.6669921875
563,324.0,12947.8095703125
564,452.0,19680.296875
565,221.0,7675.67724609375
566,153.0,4534.0390625
567,244.0,8490.0576171875
568,414.0,17638.5078125
569,375.0,14900.4794921875
570,500.0,21936.060546875
571,500.0,21441.548828125
572,331.0,12828.79296875
573,435.0,18569.02734375
574,250.0,8785.587890625
575,252.0,8870.6259765625
576,273.0,10134.0859375
577,500.0,21988.1953125
578,162.0,4620.1611328125
579,274.0,10575.8544921875
580,296.0,11244.6533203125
581,479.0,21560.416015625
582,395.0,15852.8193359375
583,475.0,21377.287109375
584,500.0,22374.30859375
585,388.0,16344.66015625
586,105.0,2367.459716796875
587,237.0,8272.8408203125
588,211.0,6470.95263671875
589,81.0,1629.286376953125
590,167.0,4754.11865234375
591,417.0,17732.423828125
592,295.0,11545.7138671875
593,324.0,12818.00390625
594,500.0,21328.96875
595,185.0,5671.6826171875
596,231.0,8674.8359375
597,410.0,17179.8984375
598,500.0,21195.68359375
599,266.0,9123.4970703125
600,500.0,22296.28515625
601,154.0,4612.3583984375
602,303.0,11818.6630859375
603,232.0,8400.1591796875
604,360.0,14434.71484375
605,94.0,1981.6982421875
606,326.0,12761.1123046875
607,238.0,8327.96875
608,342.0,13978.1796875
609,380.0,15724.341796875
610,332.0,13587.2451171875
611,313.0,12531.7998046875
612,305.0,11717.015625
613,126.0,3127.273193359375
614,424.0,18929.048828125
615,492.0,21674.57421875
616,303.0,11700.3291015625
617,442.0,19435.82421875
618,500.0,22199.138671875
619,289.0,10971.5029296875
620,420.0,17646.427734375
621,310.0,12148.142578125
622,241.0,8560.521484375
623,400.0,17115.349609375
624,379.0,15831.546875
625,409.0,17841.400390625
626,205.0,6955.1455078125
627,218.0,7111.0078125
628,500.0,22270.162109375
629,500.0,21825.013671875
630,500.0,22260.10546875
631,161.0,4609.091796875
632,91.0,1712.1787109375
633,500.0,21917.421875
634,500.0,22099.015625
635,234.0,8015.3896484375
636,500.0,22470.81640625
637,305.0,11233.1201171875
638,275.0,9874.734375
639,500.0,22503.66796875
640,201.0,6680.0126953125
641,485.0,21182.267578125
642,500.0,21944.6796875
643,187.0,5916.66796875
644,500.0,21675.001953125
645,467.0,20265.681640625
646,317.0,12089.57421875
647,330.0,13043.939453125
648,500.0,21494.56640625
649,397.0,16753.357421875
650,500.0,21698.66796875
651,483.0,21180.333984375
652,500.0,21452.794921875
653,500.0,22180.193359375
654,371.0,14854.76171875
655,380.0,16960.3828125
656,283.0,10745.09375
657,500.0,21516.255859375
658,500.0,22498.30859375
659,500.0,21860.35546875
660,488.0,21735.802734375
661,120.0,2767.294677734375
662,365.0,15646.244140625
663,500.0,22195.859375
664,187.0,5818.30419921875
665,500.0,22885.00390625
666,90.0,1725.4794921875
667,500.0,22042.05078125
668,88.0,1792.4193115234375
669,500.0,21437.822265625
670,500.0,21325.68359375
671,500.0,21768.66796875
672,116.0,2747.58837890625
673,426.0,18038.34765625
674,168.0,4843.56640625
675,500.0,21828.015625
676,356.0,15248.6806640625
677,500.0,22216.080078125
678,352.0,14393.671875
679,332.0,13021.1669921875
680,110.0,2761.7734375
681,500.0,22186.79296875
682,500.0,22404.59375
683,500.0,22159.078125
684,84.0,1657.351318359375
685,229.0,7836.19580078125
686,500.0,21834.119140625
687,500.0,21562.65625
688,500.0,22566.98046875
689,163.0,4976.2822265625
690,500.0,21898.078125
691,416.0,17201.345703125
692,500.0,23036.4921875
693,500.0,22469.490234375
694,440.0,18144.90234375
695,270.0,10108.119140625
696,437.0,19147.984375
697,500.0,22176.888671875
698,395.0,16151.07421875
699,366.0,15153.599609375
700,336.0,13711.30078125
701,285.0,10900.7734375
702,500.0,21875.779296875
703,330.0,13079.4404296875
704,314.0,12014.95703125
705,472.0,20314.7734375
706,343.0,13600.275390625
707,442.0,18998.140625
708,64.0,1068.819580078125
709,482.0,20876.158203125
710,317.0,12098.955078125
711,500.0,21890.484375
712,449.0,19069.40234375
713,492.0,21226.419921875
714,500.0,22490.83203125
715,345.0,13392.9091796875
716,191.0,6039.4697265625
717,395.0,16467.775390625
718,247.0,8866.76953125
719,218.0,7583.4140625
720,479.0,20886.09375
721,175.0,5505.9384765625
722,214.0,6807.62890625
723,330.0,13461.3232421875
724,481.0,20635.62890625
725,166.0,4727.54736328125
726,400.0,16726.177734375
727,399.0,16079.478515625
728,402.0,17067.3671875
729,265.0,9265.1884765625
730,309.0,11622.828125
731,434.0,18398.80078125
732,500.0,21313.0234375
733,227.0,7680.4765625
734,500.0,22448.478515625
735,444.0,18868.205078125
736,321.0,12363.5439453125
737,368.0,14894.6513671875
738,500.0,21523.40234375
739,343.0,13093.267578125
740,500.0,21227.533203125
741,448.0,19465.34765625
742,321.0,12815.0087890625
743,500.0,21759.07421875
744,332.0,13403.0419921875
745,392.0,15689.076171875
746,372.0,15602.775390625
747,410.0,17961.634765625
748,229.0,7686.5556640625
749,500.0,22175.5078125
750,500.0,21642.193359375
751,500.0,21867.056640625
752,500.0,21901.392578125
753,500.0,20982.828125
754,422.0,17559.85546875
755,326.0,12428.921875
756,500.0,22800.0078125
757,288.0,10359.58203125
758,500.0,21879.32421875
759,378.0,14773.64453125
760,69.0,1160.63427734375
761,379.0,15336.837890625
762,440.0,19303.39453125
763,347.0,14515.583984375
764,283.0,10056.158203125
765,500.0,22578.150390625
766,246.0,8426.1044921875
767,429.0,17563.283203125
768,500.0,20705.80859375
769,500.0,22189.2578125
770,206.0,6756.63427734375
771,500.0,20876.23046875
772,500.0,21998.701171875
773,235.0,8095.427734375
774,500.0,21903.0390625
775,290.0,10243.19921875
776,500.0,22105.7734375
777,500.0,21811.517578125
778,500.0,21139.03515625
779,383.0,15187.625
780,500.0,21069.388671875
781,500.0,21595.80859375
782,446.0,19781.578125
783,156.0,4370.00830078125
784,409.0,17057.35546875
785,500.0,20986.13671875
786,475.0,20807.330078125
787,500.0,21568.908203125
788,500.0,21767.126953125
789,500.0,22519.798828125
790,500.0,21466.609375
791,298.0,11017.150390625
792,500.0,22593.40234375
793,500.0,21506.337890625
794,500.0,21684.140625
795,343.0,13957.12109375
796,500.0,22044.3515625
797,500.0,21845.44921875
798,265.0,9128.716796875
799,500.0,21567.6171875
800,500.0,22150.2109375
801,121.0,2850.245849609375
802,140.0,3672.175048828125
803,500.0,22173.091796875
804,500.0,21701.1484375
805,500.0,22370.1015625
806,171.0,4905.3017578125
807,166.0,4907.853515625
808,235.0,8808.15625
809,500.0,21560.958984375
810,427.0,17910.3046875
811,500.0,21502.83984375
812,370.0,15891.3984375
813,500.0,21743.609375
814,500.0,21658.603515625
815,500.0,22285.40625
816,500.0,21851.67578125
817,500.0,21659.205078125
818,500.0,22121.74609375
819,500.0,22492.416015625
820,299.0,11253.2197265625
821,500.0,21902.88671875
822,311.0,12234.16796875
823,500.0,22464.4921875
824,500.0,21979.45703125
825,78.0,1356.5640869140625
826,500.0,23091.701171875
827,500.0,21586.11328125
828,200.0,6627.89892578125
829,454.0,20550.701171875
830,460.0,19740.873046875
831,500.0,22281.697265625
832,220.0,7405.87158203125
833,500.0,22044.703125
834,500.0,22960.15625
835,500.0,23316.953125
836,420.0,19092.84765625
837,461.0,20235.787109375
838,127.0,3266.79150390625
839,372.0,14983.17578125
840,449.0,19720.833984375
841,101.0,2319.6318359375
842,500.0,22251.53125
843,320.0,12930.8525390625
844,345.0,13624.5078125
845,500.0,21962.16796875
846,147.0,3708.927001953125
847,500.0,22445.482421875
848,466.0,20210.953125
849,277.0,10144.2509765625
850,425.0,18086.556640625
851,301.0,11484.58203125
852,280.0,10354.8603515625
853,500.0,22256.23828125
854,165.0,4612.314453125
855,429.0,18596.001953125
856,383.0,16253.5234375
857,338.0,13326.4736328125
858,323.0,12957.8037109375
859,500.0,22708.263671875
860,491.0,21633.0703125
861,500.0,22340.5078125
862,500.0,22114.265625
863,500.0,22688.134765625
864,500.0,21999.66796875
865,500.0,22408.98828125
866,207.0,6870.46142578125
867,500.0,22387.18359375
868,230.0,8264.0244140625
869,500.0,22767.0859375
870,500.0,22285.705078125
871,496.0,22005.310546875
872,500.0,21435.578125
873,196.0,6314.92919921875
874,250.0,8689.20703125
875,500.0,22571.302734375
876,500.0,22199.791015625
877,498.0,22673.927734375
878,500.0,22610.53125
879,500.0,22292.23046875
880,500.0,21713.728515625
881,500.0,21932.716796875
882,500.0,22189.857421875
883,500.0,22595.26953125
884,500.0,21928.89453125
885,500.0,22190.40625
886,500.0,23077.71484375
887,500.0,21826.455078125
888,462.0,20649.30859375
889,500.0,22961.8203125
890,500.0,22389.04296875
891,500.0,21892.642578125
892,498.0,21652.611328125
893,500.0,22488.41796875
894,500.0,22378.30859375
895,204.0,6830.6357421875
896,500.0,21867.080078125
897,500.0,21886.4765625
898,500.0,22425.068359375
899,200.0,6063.8486328125
900,500.0,21743.615234375
901,500.0,21184.779296875
902,500.0,22432.75
903,500.0,22115.876953125
904,500.0,21816.32421875
905,500.0,21697.83203125
906,500.0,21833.181640625
907,500.0,22307.828125
908,500.0,21717.974609375
909,500.0,22628.591796875
910,236.0,7776.640625
911,500.0,22234.71875
912,500.0,22485.4453125
913,500.0,21055.154296875
914,395.0,16575.412109375
915,375.0,15906.025390625
916,500.0,21065.013671875
917,500.0,23140.9453125
918,420.0,18059.564453125
919,500.0,21559.103515625
920,212.0,7271.39111328125
921,500.0,21909.21875
922,500.0,21351.37890625
923,500.0,22219.494140625
924,414.0,17396.02734375
925,497.0,22108.701171875
926,500.0,21428.583984375
927,19.0,194.30392456054688
928,500.0,22038.70703125
929,500.0,22210.89453125
930,500.0,22209.787109375
931,106.0,2344.9423828125
932,500.0,22481.912109375
933,252.0,8877.4765625
934,500.0,22154.41796875
935,279.0,10566.267578125
936,500.0,21492.771484375
937,499.0,21437.283203125
938,360.0,14433.626953125
939,280.0,10238.4443359375
940,429.0,18217.236328125
941,500.0,22223.19140625
942,312.0,12156.763671875
943,250.0,9170.107421875
944,500.0,22286.025390625
945,290.0,10954.1064453125
946,500.0,22095.765625
947,250.0,8822.0078125
948,420.0,17312.369140625
949,325.0,13283.6728515625
950,500.0,21815.068359375
951,500.0,21726.6484375
952,500.0,23087.583984375
953,485.0,21199.623046875
954,500.0,21421.119140625
955,500.0,21520.27734375
956,500.0,22861.884765625
957,494.0,20865.3515625
958,500.0,22031.982421875
959,500.0,22563.974609375
960,500.0,21993.70703125
961,500.0,22196.638671875
962,360.0,14062.3984375
963,500.0,21263.34375
964,153.0,4009.89794921875
965,500.0,22084.486328125
966,500.0,22301.69140625
967,369.0,15196.564453125
968,271.0,10045.13671875
969,382.0,15366.4111328125
970,500.0,21909.080078125
971,500.0,21328.029296875
972,500.0,21319.107421875
973,237.0,7811.4443359375
974,500.0,21585.11328125
975,500.0,21351.88671875
976,243.0,8663.8876953125
977,500.0,21288.052734375
978,364.0,14131.5771484375
979,500.0,21034.712890625
980,500.0,21639.796875
981,223.0,7717.630859375
982,500.0,22109.912109375
983,269.0,9790.515625
984,500.0,21859.712890625
985,500.0,21957.0859375
986,500.0,21028.625
987,500.0,22269.626953125
988,500.0,21787.033203125
989,500.0,21008.369140625
990,191.0,5814.54638671875
991,202.0,6321.31689453125
992,500.0,21048.15625
993,114.0,2755.42626953125
994,119.0,2731.15673828125
995,500.0,21626.494140625
996,500.0,21351.0390625
997,119.0,2840.17578125
998,363.0,14993.2978515625
999,500.0,21578.36328125
1000,124.0,3022.815185546875
1001,207.0,6526.72607421875
1002,403.0,16185.099609375
1003,287.0,10118.810546875
1004,368.0,15182.4287109375
1005,500.0,21722.033203125
1006,500.0,21517.451171875
1007,267.0,9414.96484375
1008,264.0,9972.546875
1009,442.0,18779.5859375
1010,500.0,21207.158203125
1011,500.0,21358.9765625
1012,500.0,21513.49609375
1013,305.0,11985.6669921875
1014,157.0,4226.42236328125
1015,388.0,15385.380859375
1016,500.0,22209.71484375
1017,153.0,4134.14404296875
1018,500.0,21850.03125
1019,346.0,13510.2421875
1020,292.0,10152.1416015625
1021,500.0,21853.34375
1022,500.0,21781.0234375
1023,500.0,21867.943359375
1024,237.0,7611.1650390625
1025,403.0,16168.2041015625
1026,500.0,22633.16796875
1027,500.0,21589.2109375
1028,159.0,4382.10693359375
1029,500.0,22425.001953125
1030,500.0,21486.04296875
1031,321.0,11479.6181640625
1032,500.0,22236.77734375
1033,337.0,13169.658203125
1034,500.0,23012.82421875
1035,500.0,21449.09375
1036,450.0,19047.150390625
1037,500.0,21562.703125
1038,500.0,21437.078125
1039,500.0,21115.4609375
1040,500.0,21297.490234375
1041,351.0,13828.7021484375
1042,500.0,21313.89453125
1043,500.0,22054.20703125
1044,500.0,21382.873046875
1045,500.0,22119.869140625
1046,500.0,21924.146484375
1047,500.0,21307.1640625
1048,280.0,9891.771484375
1049,500.0,20958.205078125
1050,302.0,11163.521484375
1051,500.0,22087.1953125
1052,97.0,1982.41455078125
1053,309.0,11485.3544921875
1054,500.0,21836.5390625
1055,412.0,17087.046875
1056,500.0,21173.513671875
1057,500.0,21897.29296875
1058,500.0,22493.98046875
1059,500.0,22500.21484375
1060,110.0,2435.879150390625
1061,500.0,21728.2578125
1062,500.0,22052.5390625
1063,500.0,22142.935546875
1064,500.0,21784.056640625
1065,500.0,21389.986328125
1066,345.0,13445.2705078125
1067,500.0,22210.328125
1068,500.0,21915.96484375
1069,297.0,11092.712890625
1070,500.0,22367.4375
1071,299.0,11795.8056640625
1072,500.0,22539.08984375
1073,493.0,21159.251953125
1074,469.0,20520.560546875
1075,500.0,21789.97265625
1076,500.0,22042.212890625
1077,493.0,21306.2421875
1078,500.0,22656.779296875
1079,405.0,16961.466796875
1080,500.0,21740.921875
1081,500.0,21912.361328125
1082,500.0,21466.12890625
1083,500.0,21698.5703125
1084,500.0,21637.076171875
1085,500.0,21777.66796875
1086,230.0,7610.06396484375
1087,500.0,22156.935546875
1088,500.0,22921.6640625
1089,188.0,6210.65966796875
1090,379.0,15460.6552734375
1091,325.0,12266.62890625
1092,500.0,22026.666015625
1093,500.0,22064.0625
1094,500.0,21532.517578125
1095,500.0,21214.21875
1096,500.0,21662.390625
1097,500.0,21741.625
1098,500.0,20933.095703125
1099,500.0,21761.68359375
1100,378.0,16111.5556640625
1101,500.0,21909.9609375
1102,500.0,21740.123046875
1103,500.0,20648.953125
1104,500.0,21337.904296875
1105,500.0,21805.81640625
1106,500.0,22405.275390625
1107,500.0,21148.60546875
1108,296.0,10811.95703125
1109,500.0,21652.31640625
1110,212.0,6907.42724609375
1111,149.0,4060.0439453125
1112,500.0,22119.33984375
1113,500.0,21386.1875
1114,500.0,22044.98046875
1115,500.0,21234.5234375
1116,500.0,22372.728515625
1117,174.0,5075.6240234375
1118,500.0,22384.162109375
1119,500.0,20938.9296875
1120,500.0,21476.3515625
1121,500.0,22414.248046875
1122,500.0,21870.19140625
1123,500.0,21027.58203125
1124,500.0,21425.41015625
1125,346.0,13424.9287109375
1126,500.0,21304.67578125
1127,500.0,20342.150390625
1128,328.0,13167.068359375
1129,500.0,22194.240234375
1130,438.0,18187.623046875
1131,353.0,13620.3349609375
1132,500.0,21755.20703125
1133,500.0,20955.16015625
1134,500.0,21868.05859375
1135,500.0,20851.021484375
1136,500.0,20964.05078125
1137,500.0,21452.09765625
1138,190.0,5495.62890625
1139,500.0,22305.650390625
1140,500.0,20576.091796875
1141,500.0,21535.06640625
1142,365.0,14724.650390625
1143,500.0,21442.30078125
1144,500.0,21705.494140625
1145,500.0,21660.646484375
1146,500.0,21165.44921875
1147,402.0,15997.810546875
1148,500.0,21899.140625
1149,500.0,21112.365234375
1150,500.0,20685.6796875
1151,118.0,2587.796630859375
1152,500.0,21066.580078125
1153,211.0,6715.873046875
1154,500.0,20910.544921875
1155,104.0,2269.463623046875
1156,500.0,21810.099609375
1157,500.0,20697.74609375
1158,500.0,21577.671875
1159,500.0,21104.0625
1160,500.0,21547.064453125
1161,308.0,11244.90234375
1162,500.0,21407.615234375
1163,500.0,21769.08984375
1164,500.0,21438.791015625
1165,500.0,21547.34375
1166,117.0,2874.042236328125
1167,464.0,19445.2890625
1168,500.0,21985.4765625
1169,320.0,12259.4951171875
1170,500.0,21242.16015625
1171,500.0,22069.474609375
1172,500.0,22389.517578125
1173,500.0,21173.68359375
1174,500.0,21479.716796875
1175,500.0,21049.662109375
1176,500.0,21692.21484375
1177,500.0,21313.126953125
1178,500.0,21162.94921875
1179,267.0,9833.8251953125
1180,500.0,22263.953125
1181,500.0,22213.91015625
1182,500.0,21230.615234375
1183,500.0,21409.287109375
1184,500.0,20592.0
1185,500.0,21024.912109375
1186,500.0,21649.986328125
1187,500.0,22197.96484375
1188,500.0,22044.85546875
1189,500.0,20721.984375
1190,500.0,21583.29296875
1191,500.0,20851.92578125
1192,500.0,21508.15625
1193,500.0,21020.6875
1194,116.0,2872.271240234375
1195,500.0,22066.90234375
1196,500.0,21394.462890625
1197,500.0,22358.537109375
1198,500.0,21215.6953125
1199,500.0,20816.25390625
1200,500.0,21145.802734375
1201,500.0,22848.548828125
1202,500.0,22211.611328125
1203,500.0,21791.90234375
1204,500.0,21468.0390625
1205,500.0,21126.87890625
1206,500.0,22302.44140625
1207,500.0,21382.212890625
1208,500.0,21808.140625
1209,500.0,20784.72265625
1210,500.0,22320.01171875
1211,500.0,21280.884765625
1212,174.0,5055.4423828125
1213,500.0,21440.29296875
1214,500.0,21960.859375
1215,500.0,21799.490234375
1216,500.0,21221.8984375
1217,500.0,22049.27734375
1218,500.0,21765.87890625
1219,500.0,21481.9140625
1220,500.0,20653.009765625
1221,500.0,21315.505859375
1222,500.0,22298.818359375
1223,500.0,20725.16796875
1224,500.0,22029.634765625
1225,500.0,21610.5859375
1226,500.0,20824.943359375
1227,500.0,20969.48828125
1228,500.0,20695.6875
1229,500.0,21508.203125
1230,500.0,21626.013671875
1231,500.0,20999.37109375
1232,500.0,22861.40625
1233,500.0,21630.45703125
1234,340.0,13023.640625
1235,500.0,22431.162109375
1236,500.0,23003.98046875
1237,500.0,21872.392578125
1238,500.0,21411.7109375
1239,500.0,21032.7578125
1240,500.0,21701.572265625
1241,500.0,22305.67578125
1242,500.0,21514.357421875
1243,500.0,21735.048828125
1244,500.0,21536.87109375
1245,500.0,20620.64453125
1246,500.0,22117.064453125
1247,500.0,21344.666015625
1248,500.0,21684.51171875
1249,500.0,21897.72265625
1250,218.0,7094.884765625
1251,500.0,21944.763671875
1252,500.0,21723.58203125
1253,500.0,21550.853515625
1254,500.0,21671.46875
1255,500.0,21511.921875
1256,500.0,21010.384765625
1257,500.0,21727.904296875
1258,500.0,21041.689453125
1259,500.0,22316.4453125
1260,500.0,21042.44140625
1261,500.0,21590.86328125
1262,500.0,21149.041015625
1263,500.0,22067.6015625
1264,500.0,21943.51953125
1265,500.0,22303.212890625
1266,500.0,21943.005859375
1267,500.0,21702.3515625
1268,447.0,19057.162109375
1269,500.0,21120.796875
1270,500.0,21427.533203125
1271,500.0,22870.107421875
1272,500.0,22090.0546875
1273,376.0,15172.3115234375
1274,462.0,20032.5
1275,500.0,21344.654296875
1276,500.0,21778.84375
1277,500.0,21663.00390625
1278,500.0,21874.154296875
1279,500.0,22040.03515625
1280,500.0,21876.1484375
1281,500.0,22590.04296875
1282,500.0,21964.1640625
1283,500.0,21909.583984375
1284,500.0,21843.37890625
1285,500.0,22074.287109375
1286,500.0,21798.037109375
1287,500.0,22825.673828125
1288,500.0,21164.125
1289,284.0,10512.9541015625
1290,500.0,21582.513671875
1291,122.0,2832.65283203125
1292,500.0,23053.703125
1293,500.0,21483.38671875
1294,500.0,22528.3359375
1295,500.0,20762.82421875
1296,500.0,22008.45703125
1297,500.0,21485.75390625
1298,500.0,22176.291015625
1299,500.0,22037.810546875
1300,500.0,21319.87109375
1301,500.0,21447.703125
1302,500.0,22169.189453125
1303,500.0,21929.31640625
1304,500.0,23118.505859375
1305,375.0,15739.7646484375
1306,500.0,21572.5859375
1307,500.0,21427.82421875
1308,500.0,21614.998046875
1309,500.0,22125.56640625
1310,500.0,22111.6015625
1311,500.0,21106.20703125
1312,500.0,22271.22265625
1313,500.0,22236.66015625
1314,500.0,21600.28515625
1315,500.0,21295.125
1316,200.0,6563.63916015625
1317,500.0,22319.03125
1318,500.0,21464.23828125
1319,500.0,20824.283203125
1320,500.0,21457.33984375
1321,500.0,22363.96484375
1322,500.0,21372.86328125
1323,500.0,22467.3984375
1324,500.0,21607.455078125
1325,500.0,22217.7265625
1326,500.0,21995.345703125
1327,461.0,19247.708984375
1328,500.0,22240.25390625
1329,500.0,21914.3046875
1330,500.0,21663.283203125
1331,500.0,21823.046875
1332,500.0,22083.017578125
1333,107.0,2546.882568359375
1334,500.0,22146.294921875
1335,500.0,21413.84765625
1336,500.0,22130.380859375
1337,500.0,21339.908203125
1338,213.0,6872.80712890625
1339,500.0,21551.201171875
1340,500.0,22424.46875
1341,500.0,21721.88671875
1342,500.0,21459.412109375
1343,500.0,21004.86328125
1344,422.0,17618.4765625
1345,500.0,21457.33203125
1346,500.0,21906.265625
1347,500.0,21844.712890625
1348,111.0,2398.8466796875
1349,500.0,21736.029296875
1350,500.0,22100.72265625
1351,500.0,21610.939453125
1352,500.0,22322.71875
1353,500.0,21823.716796875
1354,500.0,20645.923828125
1355,500.0,21324.76171875
1356,500.0,21241.654296875
1357,500.0,21316.30078125
1358,500.0,21364.5546875
1359,500.0,22086.705078125
1360,263.0,9480.1650390625
1361,500.0,21766.41015625
1362,500.0,21659.50390625
1363,500.0,22092.16015625
1364,500.0,21056.02734375
1365,500.0,21299.08984375
1366,500.0,21458.0234375
1367,500.0,21623.3984375
1368,500.0,21221.255859375
1369,500.0,21589.9375
1370,237.0,8514.2998046875
1371,500.0,21032.4609375
1372,500.0,21278.19921875
1373,209.0,6829.630859375
1374,500.0,21214.357421875
1375,500.0,21082.2734375
1376,216.0,6637.609375
1377,500.0,21976.240234375
1378,500.0,22297.24609375
1379,500.0,21023.3515625
1380,500.0,21147.50390625
1381,500.0,21704.515625
1382,500.0,21950.3515625
1383,500.0,21104.83984375
1384,500.0,21302.533203125
1385,500.0,21148.224609375
1386,500.0,21868.853515625
1387,500.0,21821.134765625
1388,500.0,22297.6015625
1389,500.0,21540.08203125
1390,500.0,21634.2421875
1391,303.0,11349.48828125
1392,500.0,21616.943359375
1393,500.0,20980.703125
1394,500.0,20793.681640625
1395,500.0,21148.951171875
1396,500.0,21139.865234375
1397,198.0,6337.22509765625
1398,500.0,21246.640625
1399,500.0,20895.783203125
1400,500.0,21768.123046875
1401,500.0,21847.455078125
1402,500.0,22145.8359375
1403,500.0,21014.978515625
1404,500.0,21383.30078125
1405,500.0,22904.845703125
1406,500.0,21352.560546875
1407,136.0,3568.052734375
1408,500.0,21209.15234375
1409,500.0,20923.47265625
1410,500.0,20470.6328125
1411,500.0,21666.326171875
1412,500.0,21480.314453125
1413,500.0,21129.431640625
1414,500.0,21410.076171875
1415,500.0,21632.859375
1416,500.0,21354.232421875
1417,500.0,21049.7421875
1418,465.0,19196.921875
1419,500.0,21606.125
1420,500.0,22131.2890625
1421,500.0,21410.93359375
1422,500.0,21893.69921875
1423,500.0,21177.50390625
1424,500.0,20855.1328125
1425,500.0,20879.232421875
1426,500.0,21218.421875
1427,500.0,21026.55859375
1428,486.0,21326.609375
1429,500.0,21383.59765625
1430,500.0,21259.197265625
1431,500.0,21785.255859375
1432,500.0,22564.248046875
1433,500.0,20958.548828125
1434,500.0,21441.951171875
1435,500.0,20773.9765625
1436,500.0,21073.140625
1437,500.0,21740.513671875
1438,500.0,21200.892578125
1439,500.0,21769.052734375
1440,500.0,21467.91796875
1441,500.0,21761.11328125
1442,500.0,21188.916015625
1443,500.0,21721.931640625
1444,500.0,22137.197265625
1445,500.0,21677.21484375
1446,500.0,22088.92578125
1447,500.0,21216.224609375
1448,500.0,21012.353515625
1449,500.0,20847.119140625
1450,500.0,21983.62890625
1451,500.0,21658.76171875
1452,500.0,21379.0703125
1453,500.0,22424.8359375
1454,414.0,17074.263671875
1455,500.0,22263.599609375
1456,500.0,20748.88671875
1457,500.0,21291.658203125
1458,500.0,21955.171875
1459,500.0,21812.83984375
1460,500.0,20754.67578125
1461,500.0,21996.25
1462,500.0,21233.99609375
1463,500.0,21585.34375
1464,500.0,21732.435546875
1465,500.0,21268.916015625
1466,500.0,21387.28515625
1467,500.0,21072.12109375
1468,500.0,21354.39453125
1469,500.0,21860.96875
1470,500.0,21337.908203125
1471,500.0,21168.44140625
1472,500.0,21329.546875
1473,500.0,21290.875
1474,500.0,21107.1171875
1475,500.0,22769.75390625
1476,500.0,21763.31640625
1477,500.0,21334.150390625
1478,500.0,21224.357421875
1479,500.0,21216.078125
1480,500.0,21043.125
1481,500.0,21321.857421875
1482,500.0,20726.173828125
1483,500.0,21394.62109375
1484,500.0,22140.419921875
1485,500.0,21119.748046875
1486,500.0,21558.77734375
1487,500.0,21398.96875
1488,500.0,21473.578125
1489,500.0,21345.88671875
1490,500.0,21721.298828125
1491,500.0,21520.77734375
1492,500.0,21522.439453125
1493,500.0,21194.478515625
1494,500.0,21490.0078125
1495,500.0,21295.818359375
1496,500.0,20941.947265625
1497,500.0,21141.474609375
1498,500.0,20000.455078125
1499,500.0,21862.080078125
1500,500.0,21410.568359375
1501,500.0,20400.46875
1502,500.0,21139.30859375
1503,493.0,20561.078125
1504,80.0,1623.583740234375
1505,500.0,21596.98828125
1506,134.0,3541.022216796875
1507,405.0,16478.111328125
1508,500.0,21840.466796875
1509,500.0,21152.796875
1510,500.0,21058.26171875
1511,500.0,21205.572265625
1512,500.0,21102.517578125
1513,500.0,20723.2109375
1514,500.0,21638.609375
1515,500.0,21787.0
1516,500.0,20648.76171875
1517,500.0,21862.34765625
1518,500.0,20828.501953125
1519,500.0,21262.46484375
1520,500.0,21608.693359375
1521,500.0,21611.376953125
1522,500.0,20886.25
1523,500.0,22431.232421875
1524,500.0,22152.3984375
1525,500.0,20645.5859375
1526,500.0,20681.853515625
1527,470.0,19931.8359375
1528,500.0,22009.6640625
1529,500.0,22313.02734375
1530,500.0,20579.626953125
1531,500.0,20683.8515625
1532,500.0,20473.4375
1533,500.0,20952.029296875
1534,500.0,21761.916015625
1535,500.0,20537.27734375
1536,500.0,21186.259765625
1537,500.0,21161.388671875
1538,500.0,20995.65234375
1539,500.0,21523.125
1540,500.0,21414.283203125
1541,500.0,21334.5625
1542,500.0,20265.44921875
1543,500.0,21933.1796875
1544,500.0,21299.74609375
1545,500.0,21552.0078125
1546,423.0,17360.4375
1547,500.0,20445.875
1548,410.0,16698.857421875
1549,500.0,21359.2421875
1550,500.0,20696.029296875
1551,500.0,20590.80859375
1552,500.0,20233.40625
1553,500.0,21119.755859375
1554,500.0,21770.830078125
1555,500.0,20669.4453125
1556,500.0,21333.0390625
1557,500.0,21703.240234375
1558,500.0,21140.5703125
1559,500.0,21992.326171875
1560,500.0,22279.6328125
1561,500.0,21319.279296875
1562,500.0,20623.29296875
1563,500.0,20012.5
1564,500.0,21263.580078125
1565,500.0,22030.67578125
1566,500.0,21085.568359375
1567,500.0,20670.70703125
1568,500.0,20412.2109375
1569,500.0,21542.91015625
1570,500.0,21404.36328125
1571,500.0,21320.52734375
1572,500.0,21004.982421875
1573,500.0,21787.412109375
1574,500.0,21019.18359375
1575,415.0,16557.53125
1576,500.0,21617.724609375
1577,500.0,20177.16015625
1578,500.0,21752.669921875
1579,500.0,21707.509765625
1580,500.0,21083.296875
1581,500.0,21624.134765625
1582,500.0,20773.046875
1583,500.0,21455.87890625
1584,500.0,21306.86328125
1585,500.0,20773.625
1586,500.0,21077.767578125
1587,500.0,20840.26953125
1588,500.0,20940.900390625
1589,500.0,21528.572265625
1590,500.0,21304.787109375
1591,500.0,20369.65234375
1592,500.0,21355.689453125
1593,500.0,20897.466796875
1594,274.0,9745.806640625
1595,500.0,21506.7734375
1596,500.0,21443.724609375
1597,500.0,20552.091796875
1598,500.0,21239.26171875
1599,500.0,20834.490234375
1600,500.0,20602.740234375
1601,500.0,20881.40625
1602,500.0,21266.328125
1603,500.0,21334.34765625
1604,500.0,20946.06640625
1605,500.0,21792.9609375
1606,500.0,21609.181640625
1607,500.0,21840.525390625
1608,500.0,21210.583984375
1609,500.0,20644.4375
1610,500.0,21712.88671875
1611,500.0,21405.490234375
1612,500.0,21752.47265625
1613,500.0,20717.19921875
1614,500.0,20452.07421875
1615,500.0,21088.69140625
1616,500.0,22322.337890625
1617,500.0,20895.57421875
1618,159.0,5014.091796875
1619,500.0,22254.314453125
1620,500.0,20844.599609375
1621,500.0,20853.990234375
1622,500.0,20939.16015625
1623,500.0,20735.166015625
1624,291.0,10504.4013671875
1625,500.0,21891.896484375
1626,500.0,21252.236328125
1627,500.0,21504.4609375
1628,500.0,20997.14453125
1629,500.0,21385.24609375
1630,500.0,21422.734375
1631,500.0,21043.86328125
1632,500.0,20881.66015625
1633,500.0,22038.232421875
1634,500.0,20786.365234375
1635,500.0,20770.060546875
1636,500.0,20587.73828125
1637,500.0,20911.556640625
1638,500.0,20692.869140625
1639,500.0,20235.4296875
1640,213.0,7103.37890625
1641,500.0,21011.84375
1642,500.0,20330.224609375
1643,500.0,21305.6953125
1644,500.0,21428.57421875
1645,500.0,21266.076171875
1646,500.0,20872.025390625
1647,500.0,21369.58203125
1648,500.0,20904.048828125
1649,500.0,21842.697265625
1650,500.0,20733.3203125
1651,500.0,21408.15625
1652,500.0,21788.68359375
1653,500.0,20856.830078125
1654,500.0,20849.74609375
1655,500.0,20611.75
1656,500.0,20035.03125
1657,500.0,19767.7421875
1658,500.0,21364.255859375
1659,500.0,21701.267578125
1660,500.0,21692.81640625
1661,500.0,20974.046875
1662,500.0,21368.083984375
1663,500.0,19765.224609375
1664,500.0,21281.89453125
1665,500.0,20966.0703125
1666,500.0,21507.919921875
1667,500.0,21469.96484375
1668,500.0,20096.5
1669,500.0,21548.056640625
1670,500.0,21198.341796875
1671,500.0,21641.546875
1672,500.0,20557.923828125
1673,500.0,21360.1796875
1674,500.0,20774.025390625
1675,500.0,21619.828125
1676,500.0,21241.7890625
1677,300.0,10348.666015625
1678,500.0,21540.19921875
1679,500.0,20808.4140625
1680,500.0,21599.1484375
1681,500.0,20667.396484375
1682,500.0,21876.29296875
1683,500.0,21742.25390625
1684,500.0,21822.64453125
1685,500.0,20925.134765625
1686,500.0,21757.6015625
1687,251.0,8709.0859375
1688,500.0,21180.978515625
1689,500.0,20433.69140625
1690,500.0,20899.337890625
1691,500.0,21400.51953125
1692,500.0,20115.09375
1693,500.0,20678.1953125
1694,500.0,20162.99609375
1695,500.0,21729.7578125
1696,500.0,20904.4375
1697,500.0,22223.74609375
1698,500.0,21438.6640625
1699,500.0,20973.4921875
1700,500.0,20850.091796875
1701,500.0,21956.5546875
1702,500.0,21686.986328125
1703,500.0,20582.125
1704,500.0,21863.76953125
1705,500.0,20516.25
1706,429.0,17099.1328125
1707,500.0,21187.818359375
1708,500.0,20892.986328125
1709,500.0,21161.63671875
1710,500.0,20431.796875
1711,500.0,21585.314453125
1712,500.0,21324.421875
1713,500.0,21528.234375
1714,500.0,21263.453125
1715,500.0,21755.287109375
1716,500.0,20209.63671875
1717,500.0,20552.2265625
1718,500.0,21037.482421875
1719,500.0,21610.119140625
1720,500.0,20717.62109375
1721,500.0,20660.14453125
1722,500.0,21190.54296875
1723,500.0,21517.533203125
1724,500.0,21498.79296875
1725,500.0,21149.26953125
1726,500.0,21486.865234375
1727,500.0,21439.662109375
1728,500.0,20666.841796875
1729,500.0,20596.04296875
1730,500.0,21006.0625
1731,500.0,21586.4375
1732,500.0,20742.341796875
1733,500.0,20638.19921875
1734,500.0,21371.796875
1735,500.0,21456.0546875
1736,500.0,21554.62109375
1737,500.0,20347.599609375
1738,500.0,20502.921875
1739,500.0,21626.6640625
1740,500.0,20919.427734375
1741,500.0,22425.03125
1742,500.0,20376.955078125
1743,500.0,21778.28515625
1744,500.0,21162.5625
1745,500.0,21076.626953125
1746,500.0,20713.279296875
1747,500.0,21781.08203125
1748,500.0,21006.84765625
1749,500.0,19968.939453125
1750,500.0,21518.927734375
1751,500.0,20894.162109375
1752,500.0,20916.880859375
1753,500.0,20676.412109375
1754,500.0,21062.41015625
1755,500.0,21462.58984375
1756,500.0,20337.7578125
1757,500.0,21806.79296875
1758,500.0,22357.857421875
1759,500.0,21423.58203125
1760,500.0,20573.412109375
1761,500.0,21418.984375
1762,500.0,21620.580078125
1763,500.0,21209.576171875
1764,500.0,21396.638671875
1765,316.0,12144.619140625
1766,500.0,20934.27734375
1767,500.0,20596.87890625
1768,500.0,22443.66796875
1769,500.0,21670.720703125
1770,500.0,21042.728515625
1771,500.0,20629.029296875
1772,500.0,20966.939453125
1773,500.0,21077.96484375
1774,343.0,12887.185546875
1775,500.0,22015.271484375
1776,500.0,20754.423828125
1777,384.0,15784.341796875
1778,500.0,20605.642578125
1779,500.0,20928.421875
1780,500.0,20620.16015625
1781,500.0,22320.578125
1782,500.0,21119.97265625
1783,500.0,20430.54296875
1784,500.0,21685.37890625
1785,500.0,21203.328125
1786,500.0,20970.25390625
1787,500.0,20950.59765625
1788,500.0,20811.021484375
1789,500.0,21627.48046875
1790,500.0,20949.564453125
1791,500.0,21979.150390625
1792,500.0,20029.044921875
1793,500.0,20536.51171875
1794,500.0,21061.138671875
1795,500.0,20800.01171875
1796,500.0,20896.501953125
1797,500.0,21044.095703125
1798,500.0,21095.8671875
1799,500.0,21622.935546875
1800,500.0,21703.814453125
1801,500.0,20427.84375
1802,500.0,22604.26953125
1803,500.0,21940.953125
1804,500.0,21377.26171875
1805,500.0,21011.26171875
1806,500.0,21340.474609375
1807,129.0,3324.15673828125
1808,500.0,21707.6015625
1809,500.0,21249.087890625
1810,500.0,20325.224609375
1811,500.0,20855.88671875
1812,500.0,22161.919921875
1813,500.0,21520.0
1814,500.0,20524.953125
1815,500.0,21418.74609375
1816,500.0,20037.373046875
1817,500.0,20800.833984375
1818,500.0,19733.8515625
1819,500.0,20866.541015625
1820,500.0,20792.40234375
1821,420.0,17011.97265625
1822,500.0,21104.150390625
1823,500.0,20512.013671875
1824,137.0,3743.0869140625
1825,500.0,21077.1484375
1826,500.0,21089.890625
1827,500.0,20889.1875
1828,500.0,21195.255859375
1829,500.0,20381.0859375
1830,500.0,20593.294921875
1831,500.0,19873.419921875
1832,500.0,20384.669921875
1833,500.0,20273.3046875
1834,500.0,20860.53515625
1835,500.0,20707.02734375
1836,500.0,21789.826171875
1837,500.0,20552.041015625
1838,500.0,20829.3515625
1839,500.0,20433.078125
1840,500.0,20939.9609375
1841,500.0,20735.26953125
1842,438.0,17775.44921875
1843,500.0,19665.2578125
1844,500.0,20064.091796875
1845,500.0,20778.71484375
1846,500.0,20565.712890625
1847,500.0,20575.365234375
1848,500.0,20816.93359375
1849,500.0,19165.994140625
1850,456.0,19102.802734375
1851,500.0,20626.318359375
1852,500.0,19661.244140625
1853,500.0,20509.744140625
1854,500.0,19932.216796875
1855,500.0,20172.61328125
1856,500.0,19960.705078125
1857,411.0,16736.7109375
1858,500.0,21569.1640625
1859,500.0,20866.546875
1860,278.0,9788.216796875
1861,500.0,21213.357421875
1862,500.0,21270.916015625
1863,500.0,20741.01953125
1864,500.0,20338.3984375
1865,500.0,20690.40625
1866,332.0,13082.3583984375
1867,500.0,20676.75
1868,500.0,20964.78125
1869,500.0,19548.21875
1870,500.0,20755.3359375
1871,500.0,19707.43359375
1872,500.0,20083.59375
1873,500.0,20586.08203125
1874,500.0,20080.744140625
1875,500.0,20694.130859375
1876,500.0,19967.48046875
1877,500.0,21064.34375
1878,500.0,20222.53515625
1879,500.0,19995.5625
1880,500.0,20875.392578125
1881,500.0,19679.056640625
1882,500.0,21153.67578125
1883,500.0,19796.994140625
1884,500.0,20833.37109375
1885,500.0,21079.28515625
1886,416.0,16709.52734375
1887,444.0,19663.37890625
1888,500.0,19697.388671875
1889,500.0,21961.0234375
1890,449.0,18094.486328125
1891,500.0,20199.580078125
1892,500.0,20476.23828125
1893,500.0,20502.69140625
1894,288.0,10096.859375
1895,500.0,21172.36328125
1896,500.0,20190.021484375
1897,500.0,19805.625
1898,337.0,13093.068359375
1899,500.0,20095.763671875
1900,500.0,20211.361328125
1901,500.0,20129.59765625
1902,500.0,19759.3125
1903,500.0,20424.900390625
1904,500.0,20587.3984375
1905,500.0,20527.82421875
1906,500.0,21033.41796875
1907,500.0,20838.552734375
1908,206.0,6513.603515625
1909,500.0,19874.095703125
1910,500.0,21286.845703125
1911,500.0,19018.169921875
1912,500.0,19767.65234375
1913,500.0,19954.619140625
1914,500.0,20102.552734375
1915,500.0,19904.314453125
1916,500.0,20900.83203125
1917,500.0,20531.994140625
1918,500.0,21199.98046875
1919,500.0,20212.0078125
1920,500.0,21201.45703125
1921,500.0,19754.888671875
1922,500.0,20697.048828125
1923,500.0,22003.8125
1924,500.0,20251.04296875
1925,500.0,21749.375
1926,300.0,10477.095703125
1927,500.0,20422.28515625
1928,500.0,20485.908203125
1929,500.0,20715.13671875
1930,500.0,20217.498046875
1931,500.0,21844.8828125
1932,500.0,20476.01171875
1933,500.0,20579.35546875
1934,500.0,20327.28515625
1935,500.0,19385.15234375
1936,500.0,20756.234375
1937,500.0,20751.49609375
1938,500.0,20326.1796875
1939,500.0,20205.728515625
1940,500.0,20852.5546875
1941,500.0,19961.13671875
1942,500.0,20847.90625
1943,500.0,20573.9453125
1944,500.0,21656.1484375
1945,500.0,20398.162109375
1946,500.0,20950.83984375
1947,500.0,20262.12890625
1948,500.0,21790.32421875
1949,500.0,20431.634765625
1950,500.0,21024.71484375
1951,500.0,20788.953125
1952,500.0,22207.87109375
1953,500.0,20751.587890625
1954,500.0,19846.84375
1955,500.0,21772.498046875
1956,500.0,20504.13671875
1957,500.0,20609.15625
1958,500.0,21863.8359375
1959,500.0,20156.736328125
1960,500.0,20402.2421875
1961,500.0,19854.19921875
1962,500.0,20400.83984375
1963,500.0,19583.298828125
1964,500.0,19623.623046875
1965,500.0,20405.5078125
1966,500.0,20305.1640625
1967,500.0,22219.76953125
1968,500.0,20833.734375
1969,500.0,20805.40234375
1970,318.0,11595.029296875
1971,500.0,21528.005859375
1972,500.0,20728.36328125
1973,500.0,21416.330078125
1974,500.0,20975.91015625
1975,500.0,21369.990234375
1976,500.0,20227.8984375
1977,500.0,20299.853515625
1978,500.0,21210.74609375
1979,500.0,21528.44140625
1980,500.0,21054.98046875
1981,500.0,22746.95703125
1982,500.0,20618.021484375
1983,500.0,20811.7578125
1984,500.0,20767.478515625
1985,500.0,20423.875
1986,500.0,20918.642578125
1987,500.0,20906.103515625
1988,500.0,20384.908203125
1989,500.0,20399.408203125
1990,500.0,20322.1015625
1991,500.0,20564.669921875
1992,500.0,19580.7421875
1993,500.0,20340.08984375
1994,500.0,20793.21875
1995,500.0,20640.3984375
1996,500.0,21603.751953125
1997,500.0,19993.326171875
1998,500.0,21833.56640625
1999,500.0,21012.1171875
2000,500.0,20425.5
